agent_id,meme_id,reshared_by_agent,timestep
9.0,3,19.0,1
11.0,5,10.0,1
12.0,5,10.0,1
13.0,5,10.0,1
14.0,5,10.0,1
15.0,5,10.0,1
16.0,5,10.0,1
17.0,5,10.0,1
18.0,5,10.0,1
19.0,5,10.0,1
29.0,9,39.0,1
39.0,10,49.0,1
1.0,13,0.0,1
2.0,13,0.0,1
3.0,13,0.0,1
4.0,13,0.0,1
5.0,13,0.0,1
6.0,13,0.0,1
7.0,13,0.0,1
8.0,13,0.0,1
9.0,13,0.0,1
19.0,15,29.0,1
21.0,21,20.0,1
22.0,21,20.0,1
23.0,21,20.0,1
24.0,21,20.0,1
25.0,21,20.0,1
26.0,21,20.0,1
27.0,21,20.0,1
28.0,21,20.0,1
29.0,21,20.0,1
21.0,27,20.0,1
22.0,27,20.0,1
23.0,27,20.0,1
24.0,27,20.0,1
25.0,27,20.0,1
26.0,27,20.0,1
27.0,27,20.0,1
28.0,27,20.0,1
29.0,27,20.0,1
1.0,28,0.0,1
2.0,28,0.0,1
3.0,28,0.0,1
4.0,28,0.0,1
5.0,28,0.0,1
6.0,28,0.0,1
7.0,28,0.0,1
8.0,28,0.0,1
9.0,28,0.0,1
1.0,33,0.0,1
2.0,33,0.0,1
3.0,33,0.0,1
4.0,33,0.0,1
5.0,33,0.0,1
6.0,33,0.0,1
7.0,33,0.0,1
8.0,33,0.0,1
9.0,33,0.0,1
11.0,34,10.0,1
12.0,34,10.0,1
13.0,34,10.0,1
14.0,34,10.0,1
15.0,34,10.0,1
16.0,34,10.0,1
17.0,34,10.0,1
18.0,34,10.0,1
19.0,34,10.0,1
41.0,35,40.0,1
42.0,35,40.0,1
43.0,35,40.0,1
44.0,35,40.0,1
45.0,35,40.0,1
46.0,35,40.0,1
47.0,35,40.0,1
48.0,35,40.0,1
49.0,35,40.0,1
29.0,10,39.0,1
11.0,37,10.0,1
12.0,37,10.0,1
13.0,37,10.0,1
14.0,37,10.0,1
15.0,37,10.0,1
16.0,37,10.0,1
17.0,37,10.0,1
18.0,37,10.0,1
19.0,37,10.0,1
39.0,35,49.0,1
29.0,10,39.0,1
19.0,27,29.0,1
31.0,47,30.0,2
32.0,47,30.0,2
33.0,47,30.0,2
34.0,47,30.0,2
35.0,47,30.0,2
36.0,47,30.0,2
37.0,47,30.0,2
38.0,47,30.0,2
39.0,47,30.0,2
1.0,52,0.0,2
2.0,52,0.0,2
3.0,52,0.0,2
4.0,52,0.0,2
5.0,52,0.0,2
6.0,52,0.0,2
7.0,52,0.0,2
8.0,52,0.0,2
9.0,52,0.0,2
1.0,53,0.0,2
2.0,53,0.0,2
3.0,53,0.0,2
4.0,53,0.0,2
5.0,53,0.0,2
6.0,53,0.0,2
7.0,53,0.0,2
8.0,53,0.0,2
9.0,53,0.0,2
9.0,61,19.0,2
9.0,27,19.0,2
11.0,63,10.0,2
12.0,63,10.0,2
13.0,63,10.0,2
14.0,63,10.0,2
15.0,63,10.0,2
16.0,63,10.0,2
17.0,63,10.0,2
18.0,63,10.0,2
19.0,63,10.0,2
1.0,66,0.0,2
2.0,66,0.0,2
3.0,66,0.0,2
4.0,66,0.0,2
5.0,66,0.0,2
6.0,66,0.0,2
7.0,66,0.0,2
8.0,66,0.0,2
9.0,66,0.0,2
9.0,27,19.0,2
6.0,75,0i,3
10.0,75,0i,3
19.0,75,0i,3
21.0,75,0i,3
22.0,75,0i,3
27.0,75,0i,3
35.0,75,0i,3
44.0,75,0i,3
47.0,75,0i,3
1h,75,0i,3
11.0,75,10.0,3
12.0,75,10.0,3
13.0,75,10.0,3
14.0,75,10.0,3
15.0,75,10.0,3
16.0,75,10.0,3
17.0,75,10.0,3
18.0,75,10.0,3
19.0,75,10.0,3
19.0,78,29.0,3
29.0,83,39.0,3
41.0,90,40.0,3
42.0,90,40.0,3
43.0,90,40.0,3
44.0,90,40.0,3
45.0,90,40.0,3
46.0,90,40.0,3
47.0,90,40.0,3
48.0,90,40.0,3
49.0,90,40.0,3
9.0,75,19.0,3
11.0,75,10.0,3
12.0,75,10.0,3
13.0,75,10.0,3
14.0,75,10.0,3
15.0,75,10.0,3
16.0,75,10.0,3
17.0,75,10.0,3
18.0,75,10.0,3
19.0,75,10.0,3
31.0,102,30.0,3
32.0,102,30.0,3
33.0,102,30.0,3
34.0,102,30.0,3
35.0,102,30.0,3
36.0,102,30.0,3
37.0,102,30.0,3
38.0,102,30.0,3
39.0,102,30.0,3
39.0,90,49.0,3
11.0,105,10.0,4
12.0,105,10.0,4
13.0,105,10.0,4
14.0,105,10.0,4
15.0,105,10.0,4
16.0,105,10.0,4
17.0,105,10.0,4
18.0,105,10.0,4
19.0,105,10.0,4
1.0,107,0.0,4
2.0,107,0.0,4
3.0,107,0.0,4
4.0,107,0.0,4
5.0,107,0.0,4
6.0,107,0.0,4
7.0,107,0.0,4
8.0,107,0.0,4
9.0,107,0.0,4
1.0,110,0.0,4
2.0,110,0.0,4
3.0,110,0.0,4
4.0,110,0.0,4
5.0,110,0.0,4
6.0,110,0.0,4
7.0,110,0.0,4
8.0,110,0.0,4
9.0,110,0.0,4
19.0,83,29.0,4
41.0,115,40.0,4
42.0,115,40.0,4
43.0,115,40.0,4
44.0,115,40.0,4
45.0,115,40.0,4
46.0,115,40.0,4
47.0,115,40.0,4
48.0,115,40.0,4
49.0,115,40.0,4
9.0,34,19.0,4
21.0,118,20.0,4
22.0,118,20.0,4
23.0,118,20.0,4
24.0,118,20.0,4
25.0,118,20.0,4
26.0,118,20.0,4
27.0,118,20.0,4
28.0,118,20.0,4
29.0,118,20.0,4
19.0,21,29.0,4
11.0,119,10.0,4
12.0,119,10.0,4
13.0,119,10.0,4
14.0,119,10.0,4
15.0,119,10.0,4
16.0,119,10.0,4
17.0,119,10.0,4
18.0,119,10.0,4
19.0,119,10.0,4
1.0,121,0.0,4
2.0,121,0.0,4
3.0,121,0.0,4
4.0,121,0.0,4
5.0,121,0.0,4
6.0,121,0.0,4
7.0,121,0.0,4
8.0,121,0.0,4
9.0,121,0.0,4
19.0,21,29.0,4
21.0,122,20.0,4
22.0,122,20.0,4
23.0,122,20.0,4
24.0,122,20.0,4
25.0,122,20.0,4
26.0,122,20.0,4
27.0,122,20.0,4
28.0,122,20.0,4
29.0,122,20.0,4
41.0,125,40.0,4
42.0,125,40.0,4
43.0,125,40.0,4
44.0,125,40.0,4
45.0,125,40.0,4
46.0,125,40.0,4
47.0,125,40.0,4
48.0,125,40.0,4
49.0,125,40.0,4
3.0,126,1h,4
19.0,126,1h,4
27.0,126,1h,4
29.0,126,1h,4
47.0,126,1h,4
0i,126,1h,4
9.0,75,19.0,4
19.0,126,29.0,4
19.0,126,29.0,4
19.0,131,29.0,4
39.0,125,49.0,5
11.0,75,10.0,5
12.0,75,10.0,5
13.0,75,10.0,5
14.0,75,10.0,5
15.0,75,10.0,5
16.0,75,10.0,5
17.0,75,10.0,5
18.0,75,10.0,5
19.0,75,10.0,5
3.0,136,1h,5
19.0,136,1h,5
27.0,136,1h,5
29.0,136,1h,5
47.0,136,1h,5
0i,136,1h,5
1.0,137,0.0,5
2.0,137,0.0,5
3.0,137,0.0,5
4.0,137,0.0,5
5.0,137,0.0,5
6.0,137,0.0,5
7.0,137,0.0,5
8.0,137,0.0,5
9.0,137,0.0,5
9.0,138,19.0,5
19.0,10,29.0,5
21.0,144,20.0,5
22.0,144,20.0,5
23.0,144,20.0,5
24.0,144,20.0,5
25.0,144,20.0,5
26.0,144,20.0,5
27.0,144,20.0,5
28.0,144,20.0,5
29.0,144,20.0,5
21.0,149,20.0,5
22.0,149,20.0,5
23.0,149,20.0,5
24.0,149,20.0,5
25.0,149,20.0,5
26.0,149,20.0,5
27.0,149,20.0,5
28.0,149,20.0,5
29.0,149,20.0,5
3.0,75,1h,5
19.0,75,1h,5
27.0,75,1h,5
29.0,75,1h,5
47.0,75,1h,5
0i,75,1h,5
39.0,151,49.0,5
1.0,161,0.0,5
2.0,161,0.0,5
3.0,161,0.0,5
4.0,161,0.0,5
5.0,161,0.0,5
6.0,161,0.0,5
7.0,161,0.0,5
8.0,161,0.0,5
9.0,161,0.0,5
31.0,166,30.0,6
32.0,166,30.0,6
33.0,166,30.0,6
34.0,166,30.0,6
35.0,166,30.0,6
36.0,166,30.0,6
37.0,166,30.0,6
38.0,166,30.0,6
39.0,166,30.0,6
31.0,172,30.0,6
32.0,172,30.0,6
33.0,172,30.0,6
34.0,172,30.0,6
35.0,172,30.0,6
36.0,172,30.0,6
37.0,172,30.0,6
38.0,172,30.0,6
39.0,172,30.0,6
19.0,173,29.0,6
3.0,175,1h,6
19.0,175,1h,6
27.0,175,1h,6
29.0,175,1h,6
47.0,175,1h,6
0i,175,1h,6
11.0,75,10.0,6
12.0,75,10.0,6
13.0,75,10.0,6
14.0,75,10.0,6
15.0,75,10.0,6
16.0,75,10.0,6
17.0,75,10.0,6
18.0,75,10.0,6
19.0,75,10.0,6
6.0,179,0i,6
10.0,179,0i,6
19.0,179,0i,6
21.0,179,0i,6
22.0,179,0i,6
27.0,179,0i,6
35.0,179,0i,6
44.0,179,0i,6
47.0,179,0i,6
1h,179,0i,6
21.0,180,20.0,6
22.0,180,20.0,6
23.0,180,20.0,6
24.0,180,20.0,6
25.0,180,20.0,6
26.0,180,20.0,6
27.0,180,20.0,6
28.0,180,20.0,6
29.0,180,20.0,6
29.0,184,39.0,6
39.0,125,49.0,6
41.0,188,40.0,6
42.0,188,40.0,6
43.0,188,40.0,6
44.0,188,40.0,6
45.0,188,40.0,6
46.0,188,40.0,6
47.0,188,40.0,6
48.0,188,40.0,6
49.0,188,40.0,6
11.0,189,10.0,7
12.0,189,10.0,7
13.0,189,10.0,7
14.0,189,10.0,7
15.0,189,10.0,7
16.0,189,10.0,7
17.0,189,10.0,7
18.0,189,10.0,7
19.0,189,10.0,7
6.0,126,0i,7
10.0,126,0i,7
19.0,126,0i,7
21.0,126,0i,7
22.0,126,0i,7
27.0,126,0i,7
35.0,126,0i,7
44.0,126,0i,7
47.0,126,0i,7
1h,126,0i,7
3.0,75,1h,7
19.0,75,1h,7
27.0,75,1h,7
29.0,75,1h,7
47.0,75,1h,7
0i,75,1h,7
11.0,202,10.0,7
12.0,202,10.0,7
13.0,202,10.0,7
14.0,202,10.0,7
15.0,202,10.0,7
16.0,202,10.0,7
17.0,202,10.0,7
18.0,202,10.0,7
19.0,202,10.0,7
39.0,188,49.0,7
39.0,205,49.0,7
11.0,75,10.0,7
12.0,75,10.0,7
13.0,75,10.0,7
14.0,75,10.0,7
15.0,75,10.0,7
16.0,75,10.0,7
17.0,75,10.0,7
18.0,75,10.0,7
19.0,75,10.0,7
21.0,207,20.0,7
22.0,207,20.0,7
23.0,207,20.0,7
24.0,207,20.0,7
25.0,207,20.0,7
26.0,207,20.0,7
27.0,207,20.0,7
28.0,207,20.0,7
29.0,207,20.0,7
21.0,208,20.0,7
22.0,208,20.0,7
23.0,208,20.0,7
24.0,208,20.0,7
25.0,208,20.0,7
26.0,208,20.0,7
27.0,208,20.0,7
28.0,208,20.0,7
29.0,208,20.0,7
31.0,214,30.0,7
32.0,214,30.0,7
33.0,214,30.0,7
34.0,214,30.0,7
35.0,214,30.0,7
36.0,214,30.0,7
37.0,214,30.0,7
38.0,214,30.0,7
39.0,214,30.0,7
6.0,75,0i,7
10.0,75,0i,7
19.0,75,0i,7
21.0,75,0i,7
22.0,75,0i,7
27.0,75,0i,7
35.0,75,0i,7
44.0,75,0i,7
47.0,75,0i,7
1h,75,0i,7
6.0,126,0i,7
10.0,126,0i,7
19.0,126,0i,7
21.0,126,0i,7
22.0,126,0i,7
27.0,126,0i,7
35.0,126,0i,7
44.0,126,0i,7
47.0,126,0i,7
1h,126,0i,7
3.0,75,1h,7
19.0,75,1h,7
27.0,75,1h,7
29.0,75,1h,7
47.0,75,1h,7
0i,75,1h,7
21.0,220,20.0,8
22.0,220,20.0,8
23.0,220,20.0,8
24.0,220,20.0,8
25.0,220,20.0,8
26.0,220,20.0,8
27.0,220,20.0,8
28.0,220,20.0,8
29.0,220,20.0,8
29.0,221,39.0,8
11.0,222,10.0,8
12.0,222,10.0,8
13.0,222,10.0,8
14.0,222,10.0,8
15.0,222,10.0,8
16.0,222,10.0,8
17.0,222,10.0,8
18.0,222,10.0,8
19.0,222,10.0,8
3.0,75,1h,8
19.0,75,1h,8
27.0,75,1h,8
29.0,75,1h,8
47.0,75,1h,8
0i,75,1h,8
39.0,227,49.0,8
29.0,227,39.0,8
11.0,179,10.0,8
12.0,179,10.0,8
13.0,179,10.0,8
14.0,179,10.0,8
15.0,179,10.0,8
16.0,179,10.0,8
17.0,179,10.0,8
18.0,179,10.0,8
19.0,179,10.0,8
41.0,231,40.0,8
42.0,231,40.0,8
43.0,231,40.0,8
44.0,231,40.0,8
45.0,231,40.0,8
46.0,231,40.0,8
47.0,231,40.0,8
48.0,231,40.0,8
49.0,231,40.0,8
31.0,232,30.0,8
32.0,232,30.0,8
33.0,232,30.0,8
34.0,232,30.0,8
35.0,232,30.0,8
36.0,232,30.0,8
37.0,232,30.0,8
38.0,232,30.0,8
39.0,232,30.0,8
19.0,233,29.0,8
3.0,179,1h,8
19.0,179,1h,8
27.0,179,1h,8
29.0,179,1h,8
47.0,179,1h,8
0i,179,1h,8
39.0,239,49.0,8
21.0,242,20.0,8
22.0,242,20.0,8
23.0,242,20.0,8
24.0,242,20.0,8
25.0,242,20.0,8
26.0,242,20.0,8
27.0,242,20.0,8
28.0,242,20.0,8
29.0,242,20.0,8
3.0,126,1h,8
19.0,126,1h,8
27.0,126,1h,8
29.0,126,1h,8
47.0,126,1h,8
0i,126,1h,8
19.0,246,29.0,9
29.0,251,39.0,9
29.0,188,39.0,9
19.0,255,29.0,9
21.0,256,20.0,9
22.0,256,20.0,9
23.0,256,20.0,9
24.0,256,20.0,9
25.0,256,20.0,9
26.0,256,20.0,9
27.0,256,20.0,9
28.0,256,20.0,9
29.0,256,20.0,9
6.0,257,0i,9
10.0,257,0i,9
19.0,257,0i,9
21.0,257,0i,9
22.0,257,0i,9
27.0,257,0i,9
35.0,257,0i,9
44.0,257,0i,9
47.0,257,0i,9
1h,257,0i,9
11.0,262,10.0,9
12.0,262,10.0,9
13.0,262,10.0,9
14.0,262,10.0,9
15.0,262,10.0,9
16.0,262,10.0,9
17.0,262,10.0,9
18.0,262,10.0,9
19.0,262,10.0,9
1.0,267,0.0,9
2.0,267,0.0,9
3.0,267,0.0,9
4.0,267,0.0,9
5.0,267,0.0,9
6.0,267,0.0,9
7.0,267,0.0,9
8.0,267,0.0,9
9.0,267,0.0,9
19.0,242,29.0,9
6.0,136,0i,9
10.0,136,0i,9
19.0,136,0i,9
21.0,136,0i,9
22.0,136,0i,9
27.0,136,0i,9
35.0,136,0i,9
44.0,136,0i,9
47.0,136,0i,9
1h,136,0i,9
19.0,272,29.0,10
29.0,227,39.0,10
9.0,257,19.0,10
31.0,279,30.0,10
32.0,279,30.0,10
33.0,279,30.0,10
34.0,279,30.0,10
35.0,279,30.0,10
36.0,279,30.0,10
37.0,279,30.0,10
38.0,279,30.0,10
39.0,279,30.0,10
9.0,281,19.0,10
1.0,285,0.0,10
2.0,285,0.0,10
3.0,285,0.0,10
4.0,285,0.0,10
5.0,285,0.0,10
6.0,285,0.0,10
7.0,285,0.0,10
8.0,285,0.0,10
9.0,285,0.0,10
29.0,227,39.0,10
3.0,293,1h,10
19.0,293,1h,10
27.0,293,1h,10
29.0,293,1h,10
47.0,293,1h,10
0i,293,1h,10
39.0,231,49.0,10
3.0,126,1h,10
19.0,126,1h,10
27.0,126,1h,10
29.0,126,1h,10
47.0,126,1h,10
0i,126,1h,10
29.0,295,39.0,10
11.0,296,10.0,10
12.0,296,10.0,10
13.0,296,10.0,10
14.0,296,10.0,10
15.0,296,10.0,10
16.0,296,10.0,10
17.0,296,10.0,10
18.0,296,10.0,10
19.0,296,10.0,10
3.0,303,1h,11
19.0,303,1h,11
27.0,303,1h,11
29.0,303,1h,11
47.0,303,1h,11
0i,303,1h,11
41.0,307,40.0,11
42.0,307,40.0,11
43.0,307,40.0,11
44.0,307,40.0,11
45.0,307,40.0,11
46.0,307,40.0,11
47.0,307,40.0,11
48.0,307,40.0,11
49.0,307,40.0,11
3.0,310,1h,11
19.0,310,1h,11
27.0,310,1h,11
29.0,310,1h,11
47.0,310,1h,11
0i,310,1h,11
3.0,75,1h,11
19.0,75,1h,11
27.0,75,1h,11
29.0,75,1h,11
47.0,75,1h,11
0i,75,1h,11
31.0,318,30.0,11
32.0,318,30.0,11
33.0,318,30.0,11
34.0,318,30.0,11
35.0,318,30.0,11
36.0,318,30.0,11
37.0,318,30.0,11
38.0,318,30.0,11
39.0,318,30.0,11
19.0,126,29.0,11
11.0,322,10.0,11
12.0,322,10.0,11
13.0,322,10.0,11
14.0,322,10.0,11
15.0,322,10.0,11
16.0,322,10.0,11
17.0,322,10.0,11
18.0,322,10.0,11
19.0,322,10.0,11
31.0,326,30.0,11
32.0,326,30.0,11
33.0,326,30.0,11
34.0,326,30.0,11
35.0,326,30.0,11
36.0,326,30.0,11
37.0,326,30.0,11
38.0,326,30.0,11
39.0,326,30.0,11
21.0,332,20.0,12
22.0,332,20.0,12
23.0,332,20.0,12
24.0,332,20.0,12
25.0,332,20.0,12
26.0,332,20.0,12
27.0,332,20.0,12
28.0,332,20.0,12
29.0,332,20.0,12
6.0,333,0i,12
10.0,333,0i,12
19.0,333,0i,12
21.0,333,0i,12
22.0,333,0i,12
27.0,333,0i,12
35.0,333,0i,12
44.0,333,0i,12
47.0,333,0i,12
1h,333,0i,12
1.0,334,0.0,12
2.0,334,0.0,12
3.0,334,0.0,12
4.0,334,0.0,12
5.0,334,0.0,12
6.0,334,0.0,12
7.0,334,0.0,12
8.0,334,0.0,12
9.0,334,0.0,12
3.0,179,1h,12
19.0,179,1h,12
27.0,179,1h,12
29.0,179,1h,12
47.0,179,1h,12
0i,179,1h,12
9.0,126,19.0,12
41.0,340,40.0,12
42.0,340,40.0,12
43.0,340,40.0,12
44.0,340,40.0,12
45.0,340,40.0,12
46.0,340,40.0,12
47.0,340,40.0,12
48.0,340,40.0,12
49.0,340,40.0,12
41.0,341,40.0,12
42.0,341,40.0,12
43.0,341,40.0,12
44.0,341,40.0,12
45.0,341,40.0,12
46.0,341,40.0,12
47.0,341,40.0,12
48.0,341,40.0,12
49.0,341,40.0,12
29.0,347,39.0,12
31.0,351,30.0,12
32.0,351,30.0,12
33.0,351,30.0,12
34.0,351,30.0,12
35.0,351,30.0,12
36.0,351,30.0,12
37.0,351,30.0,12
38.0,351,30.0,12
39.0,351,30.0,12
19.0,347,29.0,12
39.0,357,49.0,12
21.0,359,20.0,12
22.0,359,20.0,12
23.0,359,20.0,12
24.0,359,20.0,12
25.0,359,20.0,12
26.0,359,20.0,12
27.0,359,20.0,12
28.0,359,20.0,12
29.0,359,20.0,12
1.0,360,0.0,12
2.0,360,0.0,12
3.0,360,0.0,12
4.0,360,0.0,12
5.0,360,0.0,12
6.0,360,0.0,12
7.0,360,0.0,12
8.0,360,0.0,12
9.0,360,0.0,12
31.0,363,30.0,13
32.0,363,30.0,13
33.0,363,30.0,13
34.0,363,30.0,13
35.0,363,30.0,13
36.0,363,30.0,13
37.0,363,30.0,13
38.0,363,30.0,13
39.0,363,30.0,13
19.0,126,29.0,13
3.0,366,1h,13
19.0,366,1h,13
27.0,366,1h,13
29.0,366,1h,13
47.0,366,1h,13
0i,366,1h,13
39.0,368,49.0,13
31.0,369,30.0,13
32.0,369,30.0,13
33.0,369,30.0,13
34.0,369,30.0,13
35.0,369,30.0,13
36.0,369,30.0,13
37.0,369,30.0,13
38.0,369,30.0,13
39.0,369,30.0,13
9.0,333,19.0,13
31.0,370,30.0,13
32.0,370,30.0,13
33.0,370,30.0,13
34.0,370,30.0,13
35.0,370,30.0,13
36.0,370,30.0,13
37.0,370,30.0,13
38.0,370,30.0,13
39.0,370,30.0,13
19.0,379,29.0,13
6.0,381,0i,13
10.0,381,0i,13
19.0,381,0i,13
21.0,381,0i,13
22.0,381,0i,13
27.0,381,0i,13
35.0,381,0i,13
44.0,381,0i,13
47.0,381,0i,13
1h,381,0i,13
29.0,227,39.0,14
3.0,75,1h,14
19.0,75,1h,14
27.0,75,1h,14
29.0,75,1h,14
47.0,75,1h,14
0i,75,1h,14
9.0,385,19.0,14
31.0,387,30.0,14
32.0,387,30.0,14
33.0,387,30.0,14
34.0,387,30.0,14
35.0,387,30.0,14
36.0,387,30.0,14
37.0,387,30.0,14
38.0,387,30.0,14
39.0,387,30.0,14
41.0,395,40.0,14
42.0,395,40.0,14
43.0,395,40.0,14
44.0,395,40.0,14
45.0,395,40.0,14
46.0,395,40.0,14
47.0,395,40.0,14
48.0,395,40.0,14
49.0,395,40.0,14
3.0,381,1h,14
19.0,381,1h,14
27.0,381,1h,14
29.0,381,1h,14
47.0,381,1h,14
0i,381,1h,14
39.0,188,49.0,14
21.0,401,20.0,14
22.0,401,20.0,14
23.0,401,20.0,14
24.0,401,20.0,14
25.0,401,20.0,14
26.0,401,20.0,14
27.0,401,20.0,14
28.0,401,20.0,14
29.0,401,20.0,14
11.0,402,10.0,14
12.0,402,10.0,14
13.0,402,10.0,14
14.0,402,10.0,14
15.0,402,10.0,14
16.0,402,10.0,14
17.0,402,10.0,14
18.0,402,10.0,14
19.0,402,10.0,14
9.0,126,19.0,14
39.0,403,49.0,14
29.0,404,39.0,14
6.0,75,0i,14
10.0,75,0i,14
19.0,75,0i,14
21.0,75,0i,14
22.0,75,0i,14
27.0,75,0i,14
35.0,75,0i,14
44.0,75,0i,14
47.0,75,0i,14
1h,75,0i,14
41.0,411,40.0,15
42.0,411,40.0,15
43.0,411,40.0,15
44.0,411,40.0,15
45.0,411,40.0,15
46.0,411,40.0,15
47.0,411,40.0,15
48.0,411,40.0,15
49.0,411,40.0,15
9.0,179,19.0,15
11.0,414,10.0,15
12.0,414,10.0,15
13.0,414,10.0,15
14.0,414,10.0,15
15.0,414,10.0,15
16.0,414,10.0,15
17.0,414,10.0,15
18.0,414,10.0,15
19.0,414,10.0,15
3.0,75,1h,15
19.0,75,1h,15
27.0,75,1h,15
29.0,75,1h,15
47.0,75,1h,15
0i,75,1h,15
3.0,417,1h,15
19.0,417,1h,15
27.0,417,1h,15
29.0,417,1h,15
47.0,417,1h,15
0i,417,1h,15
21.0,420,20.0,15
22.0,420,20.0,15
23.0,420,20.0,15
24.0,420,20.0,15
25.0,420,20.0,15
26.0,420,20.0,15
27.0,420,20.0,15
28.0,420,20.0,15
29.0,420,20.0,15
9.0,425,19.0,15
6.0,75,0i,15
10.0,75,0i,15
19.0,75,0i,15
21.0,75,0i,15
22.0,75,0i,15
27.0,75,0i,15
35.0,75,0i,15
44.0,75,0i,15
47.0,75,0i,15
1h,75,0i,15
6.0,310,0i,15
10.0,310,0i,15
19.0,310,0i,15
21.0,310,0i,15
22.0,310,0i,15
27.0,310,0i,15
35.0,310,0i,15
44.0,310,0i,15
47.0,310,0i,15
1h,310,0i,15
29.0,369,39.0,15
9.0,381,19.0,15
21.0,435,20.0,15
22.0,435,20.0,15
23.0,435,20.0,15
24.0,435,20.0,15
25.0,435,20.0,15
26.0,435,20.0,15
27.0,435,20.0,15
28.0,435,20.0,15
29.0,435,20.0,15
11.0,75,10.0,16
12.0,75,10.0,16
13.0,75,10.0,16
14.0,75,10.0,16
15.0,75,10.0,16
16.0,75,10.0,16
17.0,75,10.0,16
18.0,75,10.0,16
19.0,75,10.0,16
31.0,440,30.0,16
32.0,440,30.0,16
33.0,440,30.0,16
34.0,440,30.0,16
35.0,440,30.0,16
36.0,440,30.0,16
37.0,440,30.0,16
38.0,440,30.0,16
39.0,440,30.0,16
6.0,441,0i,16
10.0,441,0i,16
19.0,441,0i,16
21.0,441,0i,16
22.0,441,0i,16
27.0,441,0i,16
35.0,441,0i,16
44.0,441,0i,16
47.0,441,0i,16
1h,441,0i,16
6.0,303,0i,16
10.0,303,0i,16
19.0,303,0i,16
21.0,303,0i,16
22.0,303,0i,16
27.0,303,0i,16
35.0,303,0i,16
44.0,303,0i,16
47.0,303,0i,16
1h,303,0i,16
39.0,442,49.0,16
11.0,126,10.0,16
12.0,126,10.0,16
13.0,126,10.0,16
14.0,126,10.0,16
15.0,126,10.0,16
16.0,126,10.0,16
17.0,126,10.0,16
18.0,126,10.0,16
19.0,126,10.0,16
29.0,370,39.0,16
39.0,453,49.0,16
29.0,231,39.0,16
3.0,75,1h,16
19.0,75,1h,16
27.0,75,1h,16
29.0,75,1h,16
47.0,75,1h,16
0i,75,1h,16
19.0,435,29.0,17
11.0,381,10.0,17
12.0,381,10.0,17
13.0,381,10.0,17
14.0,381,10.0,17
15.0,381,10.0,17
16.0,381,10.0,17
17.0,381,10.0,17
18.0,381,10.0,17
19.0,381,10.0,17
9.0,417,19.0,17
1.0,470,0.0,17
2.0,470,0.0,17
3.0,470,0.0,17
4.0,470,0.0,17
5.0,470,0.0,17
6.0,470,0.0,17
7.0,470,0.0,17
8.0,470,0.0,17
9.0,470,0.0,17
41.0,472,40.0,17
42.0,472,40.0,17
43.0,472,40.0,17
44.0,472,40.0,17
45.0,472,40.0,17
46.0,472,40.0,17
47.0,472,40.0,17
48.0,472,40.0,17
49.0,472,40.0,17
21.0,473,20.0,17
22.0,473,20.0,17
23.0,473,20.0,17
24.0,473,20.0,17
25.0,473,20.0,17
26.0,473,20.0,17
27.0,473,20.0,17
28.0,473,20.0,17
29.0,473,20.0,17
6.0,475,0i,17
10.0,475,0i,17
19.0,475,0i,17
21.0,475,0i,17
22.0,475,0i,17
27.0,475,0i,17
35.0,475,0i,17
44.0,475,0i,17
47.0,475,0i,17
1h,475,0i,17
9.0,417,19.0,17
6.0,75,0i,17
10.0,75,0i,17
19.0,75,0i,17
21.0,75,0i,17
22.0,75,0i,17
27.0,75,0i,17
35.0,75,0i,17
44.0,75,0i,17
47.0,75,0i,17
1h,75,0i,17
19.0,473,29.0,17
6.0,381,0i,17
10.0,381,0i,17
19.0,381,0i,17
21.0,381,0i,17
22.0,381,0i,17
27.0,381,0i,17
35.0,381,0i,17
44.0,381,0i,17
47.0,381,0i,17
1h,381,0i,17
9.0,480,19.0,17
19.0,231,29.0,17
3.0,75,1h,18
19.0,75,1h,18
27.0,75,1h,18
29.0,75,1h,18
47.0,75,1h,18
0i,75,1h,18
29.0,357,39.0,18
1.0,486,0.0,18
2.0,486,0.0,18
3.0,486,0.0,18
4.0,486,0.0,18
5.0,486,0.0,18
6.0,486,0.0,18
7.0,486,0.0,18
8.0,486,0.0,18
9.0,486,0.0,18
29.0,487,39.0,18
21.0,492,20.0,18
22.0,492,20.0,18
23.0,492,20.0,18
24.0,492,20.0,18
25.0,492,20.0,18
26.0,492,20.0,18
27.0,492,20.0,18
28.0,492,20.0,18
29.0,492,20.0,18
31.0,494,30.0,18
32.0,494,30.0,18
33.0,494,30.0,18
34.0,494,30.0,18
35.0,494,30.0,18
36.0,494,30.0,18
37.0,494,30.0,18
38.0,494,30.0,18
39.0,494,30.0,18
1.0,499,0.0,18
2.0,499,0.0,18
3.0,499,0.0,18
4.0,499,0.0,18
5.0,499,0.0,18
6.0,499,0.0,18
7.0,499,0.0,18
8.0,499,0.0,18
9.0,499,0.0,18
9.0,381,19.0,18
41.0,503,40.0,18
42.0,503,40.0,18
43.0,503,40.0,18
44.0,503,40.0,18
45.0,503,40.0,18
46.0,503,40.0,18
47.0,503,40.0,18
48.0,503,40.0,18
49.0,503,40.0,18
9.0,126,19.0,18
41.0,506,40.0,18
42.0,506,40.0,18
43.0,506,40.0,18
44.0,506,40.0,18
45.0,506,40.0,18
46.0,506,40.0,18
47.0,506,40.0,18
48.0,506,40.0,18
49.0,506,40.0,18
1.0,507,0.0,18
2.0,507,0.0,18
3.0,507,0.0,18
4.0,507,0.0,18
5.0,507,0.0,18
6.0,507,0.0,18
7.0,507,0.0,18
8.0,507,0.0,18
9.0,507,0.0,18
39.0,508,49.0,18
9.0,513,19.0,19
29.0,387,39.0,19
31.0,514,30.0,19
32.0,514,30.0,19
33.0,514,30.0,19
34.0,514,30.0,19
35.0,514,30.0,19
36.0,514,30.0,19
37.0,514,30.0,19
38.0,514,30.0,19
39.0,514,30.0,19
19.0,515,29.0,19
41.0,516,40.0,19
42.0,516,40.0,19
43.0,516,40.0,19
44.0,516,40.0,19
45.0,516,40.0,19
46.0,516,40.0,19
47.0,516,40.0,19
48.0,516,40.0,19
49.0,516,40.0,19
1.0,519,0.0,19
2.0,519,0.0,19
3.0,519,0.0,19
4.0,519,0.0,19
5.0,519,0.0,19
6.0,519,0.0,19
7.0,519,0.0,19
8.0,519,0.0,19
9.0,519,0.0,19
39.0,395,49.0,19
6.0,293,0i,19
10.0,293,0i,19
19.0,293,0i,19
21.0,293,0i,19
22.0,293,0i,19
27.0,293,0i,19
35.0,293,0i,19
44.0,293,0i,19
47.0,293,0i,19
1h,293,0i,19
11.0,75,10.0,19
12.0,75,10.0,19
13.0,75,10.0,19
14.0,75,10.0,19
15.0,75,10.0,19
16.0,75,10.0,19
17.0,75,10.0,19
18.0,75,10.0,19
19.0,75,10.0,19
6.0,524,0i,19
10.0,524,0i,19
19.0,524,0i,19
21.0,524,0i,19
22.0,524,0i,19
27.0,524,0i,19
35.0,524,0i,19
44.0,524,0i,19
47.0,524,0i,19
1h,524,0i,19
41.0,526,40.0,19
42.0,526,40.0,19
43.0,526,40.0,19
44.0,526,40.0,19
45.0,526,40.0,19
46.0,526,40.0,19
47.0,526,40.0,19
48.0,526,40.0,19
49.0,526,40.0,19
31.0,527,30.0,19
32.0,527,30.0,19
33.0,527,30.0,19
34.0,527,30.0,19
35.0,527,30.0,19
36.0,527,30.0,19
37.0,527,30.0,19
38.0,527,30.0,19
39.0,527,30.0,19
11.0,126,10.0,19
12.0,126,10.0,19
13.0,126,10.0,19
14.0,126,10.0,19
15.0,126,10.0,19
16.0,126,10.0,19
17.0,126,10.0,19
18.0,126,10.0,19
19.0,126,10.0,19
19.0,531,29.0,19
9.0,126,19.0,19
9.0,475,19.0,19
11.0,533,10.0,19
12.0,533,10.0,19
13.0,533,10.0,19
14.0,533,10.0,19
15.0,533,10.0,19
16.0,533,10.0,19
17.0,533,10.0,19
18.0,533,10.0,19
19.0,533,10.0,19
41.0,536,40.0,19
42.0,536,40.0,19
43.0,536,40.0,19
44.0,536,40.0,19
45.0,536,40.0,19
46.0,536,40.0,19
47.0,536,40.0,19
48.0,536,40.0,19
49.0,536,40.0,19
39.0,538,49.0,20
11.0,539,10.0,20
12.0,539,10.0,20
13.0,539,10.0,20
14.0,539,10.0,20
15.0,539,10.0,20
16.0,539,10.0,20
17.0,539,10.0,20
18.0,539,10.0,20
19.0,539,10.0,20
3.0,540,1h,20
19.0,540,1h,20
27.0,540,1h,20
29.0,540,1h,20
47.0,540,1h,20
0i,540,1h,20
11.0,75,10.0,20
12.0,75,10.0,20
13.0,75,10.0,20
14.0,75,10.0,20
15.0,75,10.0,20
16.0,75,10.0,20
17.0,75,10.0,20
18.0,75,10.0,20
19.0,75,10.0,20
3.0,543,1h,20
19.0,543,1h,20
27.0,543,1h,20
29.0,543,1h,20
47.0,543,1h,20
0i,543,1h,20
11.0,381,10.0,20
12.0,381,10.0,20
13.0,381,10.0,20
14.0,381,10.0,20
15.0,381,10.0,20
16.0,381,10.0,20
17.0,381,10.0,20
18.0,381,10.0,20
19.0,381,10.0,20
39.0,340,49.0,20
9.0,540,19.0,20
21.0,545,20.0,20
22.0,545,20.0,20
23.0,545,20.0,20
24.0,545,20.0,20
25.0,545,20.0,20
26.0,545,20.0,20
27.0,545,20.0,20
28.0,545,20.0,20
29.0,545,20.0,20
19.0,548,29.0,20
1.0,550,0.0,20
2.0,550,0.0,20
3.0,550,0.0,20
4.0,550,0.0,20
5.0,550,0.0,20
6.0,550,0.0,20
7.0,550,0.0,20
8.0,550,0.0,20
9.0,550,0.0,20
19.0,357,29.0,20
6.0,381,0i,20
10.0,381,0i,20
19.0,381,0i,20
21.0,381,0i,20
22.0,381,0i,20
27.0,381,0i,20
35.0,381,0i,20
44.0,381,0i,20
47.0,381,0i,20
1h,381,0i,20
11.0,257,10.0,20
12.0,257,10.0,20
13.0,257,10.0,20
14.0,257,10.0,20
15.0,257,10.0,20
16.0,257,10.0,20
17.0,257,10.0,20
18.0,257,10.0,20
19.0,257,10.0,20
1.0,558,0.0,21
2.0,558,0.0,21
3.0,558,0.0,21
4.0,558,0.0,21
5.0,558,0.0,21
6.0,558,0.0,21
7.0,558,0.0,21
8.0,558,0.0,21
9.0,558,0.0,21
6.0,310,0i,21
10.0,310,0i,21
19.0,310,0i,21
21.0,310,0i,21
22.0,310,0i,21
27.0,310,0i,21
35.0,310,0i,21
44.0,310,0i,21
47.0,310,0i,21
1h,310,0i,21
1.0,560,0.0,21
2.0,560,0.0,21
3.0,560,0.0,21
4.0,560,0.0,21
5.0,560,0.0,21
6.0,560,0.0,21
7.0,560,0.0,21
8.0,560,0.0,21
9.0,560,0.0,21
11.0,561,10.0,21
12.0,561,10.0,21
13.0,561,10.0,21
14.0,561,10.0,21
15.0,561,10.0,21
16.0,561,10.0,21
17.0,561,10.0,21
18.0,561,10.0,21
19.0,561,10.0,21
9.0,561,19.0,21
1.0,563,0.0,21
2.0,563,0.0,21
3.0,563,0.0,21
4.0,563,0.0,21
5.0,563,0.0,21
6.0,563,0.0,21
7.0,563,0.0,21
8.0,563,0.0,21
9.0,563,0.0,21
41.0,564,40.0,21
42.0,564,40.0,21
43.0,564,40.0,21
44.0,564,40.0,21
45.0,564,40.0,21
46.0,564,40.0,21
47.0,564,40.0,21
48.0,564,40.0,21
49.0,564,40.0,21
21.0,566,20.0,21
22.0,566,20.0,21
23.0,566,20.0,21
24.0,566,20.0,21
25.0,566,20.0,21
26.0,566,20.0,21
27.0,566,20.0,21
28.0,566,20.0,21
29.0,566,20.0,21
29.0,395,39.0,21
39.0,188,49.0,21
21.0,571,20.0,21
22.0,571,20.0,21
23.0,571,20.0,21
24.0,571,20.0,21
25.0,571,20.0,21
26.0,571,20.0,21
27.0,571,20.0,21
28.0,571,20.0,21
29.0,571,20.0,21
6.0,572,0i,21
10.0,572,0i,21
19.0,572,0i,21
21.0,572,0i,21
22.0,572,0i,21
27.0,572,0i,21
35.0,572,0i,21
44.0,572,0i,21
47.0,572,0i,21
1h,572,0i,21
31.0,582,30.0,21
32.0,582,30.0,21
33.0,582,30.0,21
34.0,582,30.0,21
35.0,582,30.0,21
36.0,582,30.0,21
37.0,582,30.0,21
38.0,582,30.0,21
39.0,582,30.0,21
9.0,587,19.0,22
6.0,591,0i,22
10.0,591,0i,22
19.0,591,0i,22
21.0,591,0i,22
22.0,591,0i,22
27.0,591,0i,22
35.0,591,0i,22
44.0,591,0i,22
47.0,591,0i,22
1h,591,0i,22
1.0,594,0.0,22
2.0,594,0.0,22
3.0,594,0.0,22
4.0,594,0.0,22
5.0,594,0.0,22
6.0,594,0.0,22
7.0,594,0.0,22
8.0,594,0.0,22
9.0,594,0.0,22
31.0,596,30.0,22
32.0,596,30.0,22
33.0,596,30.0,22
34.0,596,30.0,22
35.0,596,30.0,22
36.0,596,30.0,22
37.0,596,30.0,22
38.0,596,30.0,22
39.0,596,30.0,22
39.0,598,49.0,22
6.0,599,0i,22
10.0,599,0i,22
19.0,599,0i,22
21.0,599,0i,22
22.0,599,0i,22
27.0,599,0i,22
35.0,599,0i,22
44.0,599,0i,22
47.0,599,0i,22
1h,599,0i,22
19.0,545,29.0,22
21.0,605,20.0,22
22.0,605,20.0,22
23.0,605,20.0,22
24.0,605,20.0,22
25.0,605,20.0,22
26.0,605,20.0,22
27.0,605,20.0,22
28.0,605,20.0,22
29.0,605,20.0,22
29.0,607,39.0,22
6.0,609,0i,22
10.0,609,0i,22
19.0,609,0i,22
21.0,609,0i,22
22.0,609,0i,22
27.0,609,0i,22
35.0,609,0i,22
44.0,609,0i,22
47.0,609,0i,22
1h,609,0i,22
39.0,340,49.0,23
9.0,615,19.0,23
29.0,618,39.0,23
11.0,293,10.0,23
12.0,293,10.0,23
13.0,293,10.0,23
14.0,293,10.0,23
15.0,293,10.0,23
16.0,293,10.0,23
17.0,293,10.0,23
18.0,293,10.0,23
19.0,293,10.0,23
11.0,620,10.0,23
12.0,620,10.0,23
13.0,620,10.0,23
14.0,620,10.0,23
15.0,620,10.0,23
16.0,620,10.0,23
17.0,620,10.0,23
18.0,620,10.0,23
19.0,620,10.0,23
6.0,417,0i,23
10.0,417,0i,23
19.0,417,0i,23
21.0,417,0i,23
22.0,417,0i,23
27.0,417,0i,23
35.0,417,0i,23
44.0,417,0i,23
47.0,417,0i,23
1h,417,0i,23
41.0,624,40.0,23
42.0,624,40.0,23
43.0,624,40.0,23
44.0,624,40.0,23
45.0,624,40.0,23
46.0,624,40.0,23
47.0,624,40.0,23
48.0,624,40.0,23
49.0,624,40.0,23
41.0,629,40.0,23
42.0,629,40.0,23
43.0,629,40.0,23
44.0,629,40.0,23
45.0,629,40.0,23
46.0,629,40.0,23
47.0,629,40.0,23
48.0,629,40.0,23
49.0,629,40.0,23
1.0,630,0.0,23
2.0,630,0.0,23
3.0,630,0.0,23
4.0,630,0.0,23
5.0,630,0.0,23
6.0,630,0.0,23
7.0,630,0.0,23
8.0,630,0.0,23
9.0,630,0.0,23
3.0,381,1h,23
19.0,381,1h,23
27.0,381,1h,23
29.0,381,1h,23
47.0,381,1h,23
0i,381,1h,23
39.0,231,49.0,23
39.0,624,49.0,23
31.0,642,30.0,24
32.0,642,30.0,24
33.0,642,30.0,24
34.0,642,30.0,24
35.0,642,30.0,24
36.0,642,30.0,24
37.0,642,30.0,24
38.0,642,30.0,24
39.0,642,30.0,24
29.0,644,39.0,24
1.0,646,0.0,24
2.0,646,0.0,24
3.0,646,0.0,24
4.0,646,0.0,24
5.0,646,0.0,24
6.0,646,0.0,24
7.0,646,0.0,24
8.0,646,0.0,24
9.0,646,0.0,24
11.0,649,10.0,24
12.0,649,10.0,24
13.0,649,10.0,24
14.0,649,10.0,24
15.0,649,10.0,24
16.0,649,10.0,24
17.0,649,10.0,24
18.0,649,10.0,24
19.0,649,10.0,24
6.0,651,0i,24
10.0,651,0i,24
19.0,651,0i,24
21.0,651,0i,24
22.0,651,0i,24
27.0,651,0i,24
35.0,651,0i,24
44.0,651,0i,24
47.0,651,0i,24
1h,651,0i,24
3.0,293,1h,24
19.0,293,1h,24
27.0,293,1h,24
29.0,293,1h,24
47.0,293,1h,24
0i,293,1h,24
41.0,656,40.0,24
42.0,656,40.0,24
43.0,656,40.0,24
44.0,656,40.0,24
45.0,656,40.0,24
46.0,656,40.0,24
47.0,656,40.0,24
48.0,656,40.0,24
49.0,656,40.0,24
3.0,658,1h,24
19.0,658,1h,24
27.0,658,1h,24
29.0,658,1h,24
47.0,658,1h,24
0i,658,1h,24
3.0,417,1h,24
19.0,417,1h,24
27.0,417,1h,24
29.0,417,1h,24
47.0,417,1h,24
0i,417,1h,24
41.0,660,40.0,24
42.0,660,40.0,24
43.0,660,40.0,24
44.0,660,40.0,24
45.0,660,40.0,24
46.0,660,40.0,24
47.0,660,40.0,24
48.0,660,40.0,24
49.0,660,40.0,24
41.0,663,40.0,24
42.0,663,40.0,24
43.0,663,40.0,24
44.0,663,40.0,24
45.0,663,40.0,24
46.0,663,40.0,24
47.0,663,40.0,24
48.0,663,40.0,24
49.0,663,40.0,24
6.0,75,0i,24
10.0,75,0i,24
19.0,75,0i,24
21.0,75,0i,24
22.0,75,0i,24
27.0,75,0i,24
35.0,75,0i,24
44.0,75,0i,24
47.0,75,0i,24
1h,75,0i,24
9.0,658,19.0,24
11.0,672,10.0,24
12.0,672,10.0,24
13.0,672,10.0,24
14.0,672,10.0,24
15.0,672,10.0,24
16.0,672,10.0,24
17.0,672,10.0,24
18.0,672,10.0,24
19.0,672,10.0,24
39.0,663,49.0,25
6.0,293,0i,25
10.0,293,0i,25
19.0,293,0i,25
21.0,293,0i,25
22.0,293,0i,25
27.0,293,0i,25
35.0,293,0i,25
44.0,293,0i,25
47.0,293,0i,25
1h,293,0i,25
9.0,417,19.0,25
31.0,677,30.0,25
32.0,677,30.0,25
33.0,677,30.0,25
34.0,677,30.0,25
35.0,677,30.0,25
36.0,677,30.0,25
37.0,677,30.0,25
38.0,677,30.0,25
39.0,677,30.0,25
19.0,381,29.0,25
1.0,678,0.0,25
2.0,678,0.0,25
3.0,678,0.0,25
4.0,678,0.0,25
5.0,678,0.0,25
6.0,678,0.0,25
7.0,678,0.0,25
8.0,678,0.0,25
9.0,678,0.0,25
21.0,681,20.0,25
22.0,681,20.0,25
23.0,681,20.0,25
24.0,681,20.0,25
25.0,681,20.0,25
26.0,681,20.0,25
27.0,681,20.0,25
28.0,681,20.0,25
29.0,681,20.0,25
31.0,683,30.0,25
32.0,683,30.0,25
33.0,683,30.0,25
34.0,683,30.0,25
35.0,683,30.0,25
36.0,683,30.0,25
37.0,683,30.0,25
38.0,683,30.0,25
39.0,683,30.0,25
1.0,684,0.0,25
2.0,684,0.0,25
3.0,684,0.0,25
4.0,684,0.0,25
5.0,684,0.0,25
6.0,684,0.0,25
7.0,684,0.0,25
8.0,684,0.0,25
9.0,684,0.0,25
11.0,293,10.0,25
12.0,293,10.0,25
13.0,293,10.0,25
14.0,293,10.0,25
15.0,293,10.0,25
16.0,293,10.0,25
17.0,293,10.0,25
18.0,293,10.0,25
19.0,293,10.0,25
19.0,644,29.0,25
1.0,692,0.0,25
2.0,692,0.0,25
3.0,692,0.0,25
4.0,692,0.0,25
5.0,692,0.0,25
6.0,692,0.0,25
7.0,692,0.0,25
8.0,692,0.0,25
9.0,692,0.0,25
1.0,695,0.0,25
2.0,695,0.0,25
3.0,695,0.0,25
4.0,695,0.0,25
5.0,695,0.0,25
6.0,695,0.0,25
7.0,695,0.0,25
8.0,695,0.0,25
9.0,695,0.0,25
1.0,698,0.0,26
2.0,698,0.0,26
3.0,698,0.0,26
4.0,698,0.0,26
5.0,698,0.0,26
6.0,698,0.0,26
7.0,698,0.0,26
8.0,698,0.0,26
9.0,698,0.0,26
11.0,699,10.0,26
12.0,699,10.0,26
13.0,699,10.0,26
14.0,699,10.0,26
15.0,699,10.0,26
16.0,699,10.0,26
17.0,699,10.0,26
18.0,699,10.0,26
19.0,699,10.0,26
19.0,700,29.0,26
21.0,701,20.0,26
22.0,701,20.0,26
23.0,701,20.0,26
24.0,701,20.0,26
25.0,701,20.0,26
26.0,701,20.0,26
27.0,701,20.0,26
28.0,701,20.0,26
29.0,701,20.0,26
11.0,75,10.0,26
12.0,75,10.0,26
13.0,75,10.0,26
14.0,75,10.0,26
15.0,75,10.0,26
16.0,75,10.0,26
17.0,75,10.0,26
18.0,75,10.0,26
19.0,75,10.0,26
1.0,703,0.0,26
2.0,703,0.0,26
3.0,703,0.0,26
4.0,703,0.0,26
5.0,703,0.0,26
6.0,703,0.0,26
7.0,703,0.0,26
8.0,703,0.0,26
9.0,703,0.0,26
1.0,704,0.0,26
2.0,704,0.0,26
3.0,704,0.0,26
4.0,704,0.0,26
5.0,704,0.0,26
6.0,704,0.0,26
7.0,704,0.0,26
8.0,704,0.0,26
9.0,704,0.0,26
3.0,708,1h,26
19.0,708,1h,26
27.0,708,1h,26
29.0,708,1h,26
47.0,708,1h,26
0i,708,1h,26
41.0,711,40.0,26
42.0,711,40.0,26
43.0,711,40.0,26
44.0,711,40.0,26
45.0,711,40.0,26
46.0,711,40.0,26
47.0,711,40.0,26
48.0,711,40.0,26
49.0,711,40.0,26
21.0,712,20.0,26
22.0,712,20.0,26
23.0,712,20.0,26
24.0,712,20.0,26
25.0,712,20.0,26
26.0,712,20.0,26
27.0,712,20.0,26
28.0,712,20.0,26
29.0,712,20.0,26
19.0,417,29.0,26
9.0,417,19.0,26
6.0,715,0i,26
10.0,715,0i,26
19.0,715,0i,26
21.0,715,0i,26
22.0,715,0i,26
27.0,715,0i,26
35.0,715,0i,26
44.0,715,0i,26
47.0,715,0i,26
1h,715,0i,26
1.0,716,0.0,26
2.0,716,0.0,26
3.0,716,0.0,26
4.0,716,0.0,26
5.0,716,0.0,26
6.0,716,0.0,26
7.0,716,0.0,26
8.0,716,0.0,26
9.0,716,0.0,26
19.0,708,29.0,26
3.0,591,1h,26
19.0,591,1h,26
27.0,591,1h,26
29.0,591,1h,26
47.0,591,1h,26
0i,591,1h,26
19.0,381,29.0,26
1.0,720,0.0,26
2.0,720,0.0,26
3.0,720,0.0,26
4.0,720,0.0,26
5.0,720,0.0,26
6.0,720,0.0,26
7.0,720,0.0,26
8.0,720,0.0,26
9.0,720,0.0,26
41.0,729,40.0,27
42.0,729,40.0,27
43.0,729,40.0,27
44.0,729,40.0,27
45.0,729,40.0,27
46.0,729,40.0,27
47.0,729,40.0,27
48.0,729,40.0,27
49.0,729,40.0,27
39.0,730,49.0,27
9.0,731,19.0,27
3.0,381,1h,27
19.0,381,1h,27
27.0,381,1h,27
29.0,381,1h,27
47.0,381,1h,27
0i,381,1h,27
31.0,740,30.0,27
32.0,740,30.0,27
33.0,740,30.0,27
34.0,740,30.0,27
35.0,740,30.0,27
36.0,740,30.0,27
37.0,740,30.0,27
38.0,740,30.0,27
39.0,740,30.0,27
19.0,712,29.0,27
1.0,743,0.0,27
2.0,743,0.0,27
3.0,743,0.0,27
4.0,743,0.0,27
5.0,743,0.0,27
6.0,743,0.0,27
7.0,743,0.0,27
8.0,743,0.0,27
9.0,743,0.0,27
9.0,748,19.0,27
21.0,750,20.0,27
22.0,750,20.0,27
23.0,750,20.0,27
24.0,750,20.0,27
25.0,750,20.0,27
26.0,750,20.0,27
27.0,750,20.0,27
28.0,750,20.0,27
29.0,750,20.0,27
19.0,712,29.0,28
6.0,756,0i,28
10.0,756,0i,28
19.0,756,0i,28
21.0,756,0i,28
22.0,756,0i,28
27.0,756,0i,28
35.0,756,0i,28
44.0,756,0i,28
47.0,756,0i,28
1h,756,0i,28
19.0,759,29.0,28
31.0,760,30.0,28
32.0,760,30.0,28
33.0,760,30.0,28
34.0,760,30.0,28
35.0,760,30.0,28
36.0,760,30.0,28
37.0,760,30.0,28
38.0,760,30.0,28
39.0,760,30.0,28
9.0,715,19.0,28
29.0,773,39.0,28
1.0,774,0.0,28
2.0,774,0.0,28
3.0,774,0.0,28
4.0,774,0.0,28
5.0,774,0.0,28
6.0,774,0.0,28
7.0,774,0.0,28
8.0,774,0.0,28
9.0,774,0.0,28
19.0,775,29.0,28
3.0,293,1h,28
19.0,293,1h,28
27.0,293,1h,28
29.0,293,1h,28
47.0,293,1h,28
0i,293,1h,28
1.0,778,0.0,29
2.0,778,0.0,29
3.0,778,0.0,29
4.0,778,0.0,29
5.0,778,0.0,29
6.0,778,0.0,29
7.0,778,0.0,29
8.0,778,0.0,29
9.0,778,0.0,29
31.0,781,30.0,29
32.0,781,30.0,29
33.0,781,30.0,29
34.0,781,30.0,29
35.0,781,30.0,29
36.0,781,30.0,29
37.0,781,30.0,29
38.0,781,30.0,29
39.0,781,30.0,29
21.0,786,20.0,29
22.0,786,20.0,29
23.0,786,20.0,29
24.0,786,20.0,29
25.0,786,20.0,29
26.0,786,20.0,29
27.0,786,20.0,29
28.0,786,20.0,29
29.0,786,20.0,29
9.0,293,19.0,29
3.0,788,1h,29
19.0,788,1h,29
27.0,788,1h,29
29.0,788,1h,29
47.0,788,1h,29
0i,788,1h,29
41.0,789,40.0,29
42.0,789,40.0,29
43.0,789,40.0,29
44.0,789,40.0,29
45.0,789,40.0,29
46.0,789,40.0,29
47.0,789,40.0,29
48.0,789,40.0,29
49.0,789,40.0,29
31.0,790,30.0,29
32.0,790,30.0,29
33.0,790,30.0,29
34.0,790,30.0,29
35.0,790,30.0,29
36.0,790,30.0,29
37.0,790,30.0,29
38.0,790,30.0,29
39.0,790,30.0,29
39.0,794,49.0,29
31.0,797,30.0,29
32.0,797,30.0,29
33.0,797,30.0,29
34.0,797,30.0,29
35.0,797,30.0,29
36.0,797,30.0,29
37.0,797,30.0,29
38.0,797,30.0,29
39.0,797,30.0,29
39.0,516,49.0,29
39.0,663,49.0,29
39.0,800,49.0,29
11.0,293,10.0,29
12.0,293,10.0,29
13.0,293,10.0,29
14.0,293,10.0,29
15.0,293,10.0,29
16.0,293,10.0,29
17.0,293,10.0,29
18.0,293,10.0,29
19.0,293,10.0,29
19.0,591,29.0,30
3.0,807,1h,30
19.0,807,1h,30
27.0,807,1h,30
29.0,807,1h,30
47.0,807,1h,30
0i,807,1h,30
29.0,809,39.0,30
3.0,293,1h,30
19.0,293,1h,30
27.0,293,1h,30
29.0,293,1h,30
47.0,293,1h,30
0i,293,1h,30
9.0,819,19.0,30
19.0,807,29.0,30
29.0,642,39.0,30
1.0,821,0.0,30
2.0,821,0.0,30
3.0,821,0.0,30
4.0,821,0.0,30
5.0,821,0.0,30
6.0,821,0.0,30
7.0,821,0.0,30
8.0,821,0.0,30
9.0,821,0.0,30
11.0,822,10.0,30
12.0,822,10.0,30
13.0,822,10.0,30
14.0,822,10.0,30
15.0,822,10.0,30
16.0,822,10.0,30
17.0,822,10.0,30
18.0,822,10.0,30
19.0,822,10.0,30
3.0,823,1h,30
19.0,823,1h,30
27.0,823,1h,30
29.0,823,1h,30
47.0,823,1h,30
0i,823,1h,30
21.0,824,20.0,30
22.0,824,20.0,30
23.0,824,20.0,30
24.0,824,20.0,30
25.0,824,20.0,30
26.0,824,20.0,30
27.0,824,20.0,30
28.0,824,20.0,30
29.0,824,20.0,30
9.0,825,19.0,30
41.0,827,40.0,30
42.0,827,40.0,30
43.0,827,40.0,30
44.0,827,40.0,30
45.0,827,40.0,30
46.0,827,40.0,30
47.0,827,40.0,30
48.0,827,40.0,30
49.0,827,40.0,30
6.0,828,0i,30
10.0,828,0i,30
19.0,828,0i,30
21.0,828,0i,30
22.0,828,0i,30
27.0,828,0i,30
35.0,828,0i,30
44.0,828,0i,30
47.0,828,0i,30
1h,828,0i,30
21.0,834,20.0,30
22.0,834,20.0,30
23.0,834,20.0,30
24.0,834,20.0,30
25.0,834,20.0,30
26.0,834,20.0,30
27.0,834,20.0,30
28.0,834,20.0,30
29.0,834,20.0,30
29.0,835,39.0,30
9.0,836,19.0,31
19.0,844,29.0,31
29.0,848,39.0,31
31.0,849,30.0,31
32.0,849,30.0,31
33.0,849,30.0,31
34.0,849,30.0,31
35.0,849,30.0,31
36.0,849,30.0,31
37.0,849,30.0,31
38.0,849,30.0,31
39.0,849,30.0,31
3.0,417,1h,31
19.0,417,1h,31
27.0,417,1h,31
29.0,417,1h,31
47.0,417,1h,31
0i,417,1h,31
3.0,381,1h,31
19.0,381,1h,31
27.0,381,1h,31
29.0,381,1h,31
47.0,381,1h,31
0i,381,1h,31
41.0,854,40.0,31
42.0,854,40.0,31
43.0,854,40.0,31
44.0,854,40.0,31
45.0,854,40.0,31
46.0,854,40.0,31
47.0,854,40.0,31
48.0,854,40.0,31
49.0,854,40.0,31
41.0,855,40.0,31
42.0,855,40.0,31
43.0,855,40.0,31
44.0,855,40.0,31
45.0,855,40.0,31
46.0,855,40.0,31
47.0,855,40.0,31
48.0,855,40.0,31
49.0,855,40.0,31
6.0,858,0i,31
10.0,858,0i,31
19.0,858,0i,31
21.0,858,0i,31
22.0,858,0i,31
27.0,858,0i,31
35.0,858,0i,31
44.0,858,0i,31
47.0,858,0i,31
1h,858,0i,31
6.0,293,0i,31
10.0,293,0i,31
19.0,293,0i,31
21.0,293,0i,31
22.0,293,0i,31
27.0,293,0i,31
35.0,293,0i,31
44.0,293,0i,31
47.0,293,0i,31
1h,293,0i,31
21.0,861,20.0,32
22.0,861,20.0,32
23.0,861,20.0,32
24.0,861,20.0,32
25.0,861,20.0,32
26.0,861,20.0,32
27.0,861,20.0,32
28.0,861,20.0,32
29.0,861,20.0,32
29.0,864,39.0,32
21.0,868,20.0,32
22.0,868,20.0,32
23.0,868,20.0,32
24.0,868,20.0,32
25.0,868,20.0,32
26.0,868,20.0,32
27.0,868,20.0,32
28.0,868,20.0,32
29.0,868,20.0,32
31.0,870,30.0,32
32.0,870,30.0,32
33.0,870,30.0,32
34.0,870,30.0,32
35.0,870,30.0,32
36.0,870,30.0,32
37.0,870,30.0,32
38.0,870,30.0,32
39.0,870,30.0,32
21.0,871,20.0,32
22.0,871,20.0,32
23.0,871,20.0,32
24.0,871,20.0,32
25.0,871,20.0,32
26.0,871,20.0,32
27.0,871,20.0,32
28.0,871,20.0,32
29.0,871,20.0,32
39.0,624,49.0,32
3.0,880,1h,32
19.0,880,1h,32
27.0,880,1h,32
29.0,880,1h,32
47.0,880,1h,32
0i,880,1h,32
6.0,885,0i,32
10.0,885,0i,32
19.0,885,0i,32
21.0,885,0i,32
22.0,885,0i,32
27.0,885,0i,32
35.0,885,0i,32
44.0,885,0i,32
47.0,885,0i,32
1h,885,0i,32
3.0,293,1h,32
19.0,293,1h,32
27.0,293,1h,32
29.0,293,1h,32
47.0,293,1h,32
0i,293,1h,32
41.0,887,40.0,32
42.0,887,40.0,32
43.0,887,40.0,32
44.0,887,40.0,32
45.0,887,40.0,32
46.0,887,40.0,32
47.0,887,40.0,32
48.0,887,40.0,32
49.0,887,40.0,32
6.0,708,0i,33
10.0,708,0i,33
19.0,708,0i,33
21.0,708,0i,33
22.0,708,0i,33
27.0,708,0i,33
35.0,708,0i,33
44.0,708,0i,33
47.0,708,0i,33
1h,708,0i,33
39.0,890,49.0,33
31.0,892,30.0,33
32.0,892,30.0,33
33.0,892,30.0,33
34.0,892,30.0,33
35.0,892,30.0,33
36.0,892,30.0,33
37.0,892,30.0,33
38.0,892,30.0,33
39.0,892,30.0,33
39.0,536,49.0,33
31.0,907,30.0,33
32.0,907,30.0,33
33.0,907,30.0,33
34.0,907,30.0,33
35.0,907,30.0,33
36.0,907,30.0,33
37.0,907,30.0,33
38.0,907,30.0,33
39.0,907,30.0,33
41.0,912,40.0,33
42.0,912,40.0,33
43.0,912,40.0,33
44.0,912,40.0,33
45.0,912,40.0,33
46.0,912,40.0,33
47.0,912,40.0,33
48.0,912,40.0,33
49.0,912,40.0,33
39.0,913,49.0,33
6.0,914,0i,33
10.0,914,0i,33
19.0,914,0i,33
21.0,914,0i,33
22.0,914,0i,33
27.0,914,0i,33
35.0,914,0i,33
44.0,914,0i,33
47.0,914,0i,33
1h,914,0i,33
11.0,917,10.0,33
12.0,917,10.0,33
13.0,917,10.0,33
14.0,917,10.0,33
15.0,917,10.0,33
16.0,917,10.0,33
17.0,917,10.0,33
18.0,917,10.0,33
19.0,917,10.0,33
31.0,920,30.0,34
32.0,920,30.0,34
33.0,920,30.0,34
34.0,920,30.0,34
35.0,920,30.0,34
36.0,920,30.0,34
37.0,920,30.0,34
38.0,920,30.0,34
39.0,920,30.0,34
39.0,711,49.0,34
29.0,797,39.0,34
39.0,923,49.0,34
21.0,926,20.0,34
22.0,926,20.0,34
23.0,926,20.0,34
24.0,926,20.0,34
25.0,926,20.0,34
26.0,926,20.0,34
27.0,926,20.0,34
28.0,926,20.0,34
29.0,926,20.0,34
41.0,931,40.0,34
42.0,931,40.0,34
43.0,931,40.0,34
44.0,931,40.0,34
45.0,931,40.0,34
46.0,931,40.0,34
47.0,931,40.0,34
48.0,931,40.0,34
49.0,931,40.0,34
41.0,935,40.0,34
42.0,935,40.0,34
43.0,935,40.0,34
44.0,935,40.0,34
45.0,935,40.0,34
46.0,935,40.0,34
47.0,935,40.0,34
48.0,935,40.0,34
49.0,935,40.0,34
29.0,938,39.0,34
1.0,941,0.0,34
2.0,941,0.0,34
3.0,941,0.0,34
4.0,941,0.0,34
5.0,941,0.0,34
6.0,941,0.0,34
7.0,941,0.0,34
8.0,941,0.0,34
9.0,941,0.0,34
11.0,943,10.0,34
12.0,943,10.0,34
13.0,943,10.0,34
14.0,943,10.0,34
15.0,943,10.0,34
16.0,943,10.0,34
17.0,943,10.0,34
18.0,943,10.0,34
19.0,943,10.0,34
19.0,949,29.0,35
9.0,952,19.0,35
21.0,955,20.0,35
22.0,955,20.0,35
23.0,955,20.0,35
24.0,955,20.0,35
25.0,955,20.0,35
26.0,955,20.0,35
27.0,955,20.0,35
28.0,955,20.0,35
29.0,955,20.0,35
31.0,959,30.0,35
32.0,959,30.0,35
33.0,959,30.0,35
34.0,959,30.0,35
35.0,959,30.0,35
36.0,959,30.0,35
37.0,959,30.0,35
38.0,959,30.0,35
39.0,959,30.0,35
11.0,961,10.0,35
12.0,961,10.0,35
13.0,961,10.0,35
14.0,961,10.0,35
15.0,961,10.0,35
16.0,961,10.0,35
17.0,961,10.0,35
18.0,961,10.0,35
19.0,961,10.0,35
9.0,964,19.0,35
21.0,969,20.0,35
22.0,969,20.0,35
23.0,969,20.0,35
24.0,969,20.0,35
25.0,969,20.0,35
26.0,969,20.0,35
27.0,969,20.0,35
28.0,969,20.0,35
29.0,969,20.0,35
21.0,973,20.0,35
22.0,973,20.0,35
23.0,973,20.0,35
24.0,973,20.0,35
25.0,973,20.0,35
26.0,973,20.0,35
27.0,973,20.0,35
28.0,973,20.0,35
29.0,973,20.0,35
31.0,974,30.0,35
32.0,974,30.0,35
33.0,974,30.0,35
34.0,974,30.0,35
35.0,974,30.0,35
36.0,974,30.0,35
37.0,974,30.0,35
38.0,974,30.0,35
39.0,974,30.0,35
31.0,976,30.0,35
32.0,976,30.0,35
33.0,976,30.0,35
34.0,976,30.0,35
35.0,976,30.0,35
36.0,976,30.0,35
37.0,976,30.0,35
38.0,976,30.0,35
39.0,976,30.0,35
41.0,977,40.0,35
42.0,977,40.0,35
43.0,977,40.0,35
44.0,977,40.0,35
45.0,977,40.0,35
46.0,977,40.0,35
47.0,977,40.0,35
48.0,977,40.0,35
49.0,977,40.0,35
11.0,293,10.0,35
12.0,293,10.0,35
13.0,293,10.0,35
14.0,293,10.0,35
15.0,293,10.0,35
16.0,293,10.0,35
17.0,293,10.0,35
18.0,293,10.0,35
19.0,293,10.0,35
19.0,980,29.0,36
21.0,986,20.0,36
22.0,986,20.0,36
23.0,986,20.0,36
24.0,986,20.0,36
25.0,986,20.0,36
26.0,986,20.0,36
27.0,986,20.0,36
28.0,986,20.0,36
29.0,986,20.0,36
39.0,989,49.0,36
21.0,992,20.0,36
22.0,992,20.0,36
23.0,992,20.0,36
24.0,992,20.0,36
25.0,992,20.0,36
26.0,992,20.0,36
27.0,992,20.0,36
28.0,992,20.0,36
29.0,992,20.0,36
31.0,994,30.0,36
32.0,994,30.0,36
33.0,994,30.0,36
34.0,994,30.0,36
35.0,994,30.0,36
36.0,994,30.0,36
37.0,994,30.0,36
38.0,994,30.0,36
39.0,994,30.0,36
6.0,708,0i,36
10.0,708,0i,36
19.0,708,0i,36
21.0,708,0i,36
22.0,708,0i,36
27.0,708,0i,36
35.0,708,0i,36
44.0,708,0i,36
47.0,708,0i,36
1h,708,0i,36
21.0,996,20.0,36
22.0,996,20.0,36
23.0,996,20.0,36
24.0,996,20.0,36
25.0,996,20.0,36
26.0,996,20.0,36
27.0,996,20.0,36
28.0,996,20.0,36
29.0,996,20.0,36
3.0,998,1h,36
19.0,998,1h,36
27.0,998,1h,36
29.0,998,1h,36
47.0,998,1h,36
0i,998,1h,36
1.0,1001,0.0,36
2.0,1001,0.0,36
3.0,1001,0.0,36
4.0,1001,0.0,36
5.0,1001,0.0,36
6.0,1001,0.0,36
7.0,1001,0.0,36
8.0,1001,0.0,36
9.0,1001,0.0,36
6.0,293,0i,36
10.0,293,0i,36
19.0,293,0i,36
21.0,293,0i,36
22.0,293,0i,36
27.0,293,0i,36
35.0,293,0i,36
44.0,293,0i,36
47.0,293,0i,36
1h,293,0i,36
1.0,1003,0.0,36
2.0,1003,0.0,36
3.0,1003,0.0,36
4.0,1003,0.0,36
5.0,1003,0.0,36
6.0,1003,0.0,36
7.0,1003,0.0,36
8.0,1003,0.0,36
9.0,1003,0.0,36
3.0,293,1h,37
19.0,293,1h,37
27.0,293,1h,37
29.0,293,1h,37
47.0,293,1h,37
0i,293,1h,37
11.0,417,10.0,37
12.0,417,10.0,37
13.0,417,10.0,37
14.0,417,10.0,37
15.0,417,10.0,37
16.0,417,10.0,37
17.0,417,10.0,37
18.0,417,10.0,37
19.0,417,10.0,37
21.0,1016,20.0,37
22.0,1016,20.0,37
23.0,1016,20.0,37
24.0,1016,20.0,37
25.0,1016,20.0,37
26.0,1016,20.0,37
27.0,1016,20.0,37
28.0,1016,20.0,37
29.0,1016,20.0,37
1.0,1017,0.0,37
2.0,1017,0.0,37
3.0,1017,0.0,37
4.0,1017,0.0,37
5.0,1017,0.0,37
6.0,1017,0.0,37
7.0,1017,0.0,37
8.0,1017,0.0,37
9.0,1017,0.0,37
6.0,1019,0i,37
10.0,1019,0i,37
19.0,1019,0i,37
21.0,1019,0i,37
22.0,1019,0i,37
27.0,1019,0i,37
35.0,1019,0i,37
44.0,1019,0i,37
47.0,1019,0i,37
1h,1019,0i,37
29.0,959,39.0,37
41.0,1023,40.0,37
42.0,1023,40.0,37
43.0,1023,40.0,37
44.0,1023,40.0,37
45.0,1023,40.0,37
46.0,1023,40.0,37
47.0,1023,40.0,37
48.0,1023,40.0,37
49.0,1023,40.0,37
21.0,1024,20.0,37
22.0,1024,20.0,37
23.0,1024,20.0,37
24.0,1024,20.0,37
25.0,1024,20.0,37
26.0,1024,20.0,37
27.0,1024,20.0,37
28.0,1024,20.0,37
29.0,1024,20.0,37
3.0,1027,1h,37
19.0,1027,1h,37
27.0,1027,1h,37
29.0,1027,1h,37
47.0,1027,1h,37
0i,1027,1h,37
9.0,293,19.0,37
19.0,959,29.0,37
41.0,1036,40.0,38
42.0,1036,40.0,38
43.0,1036,40.0,38
44.0,1036,40.0,38
45.0,1036,40.0,38
46.0,1036,40.0,38
47.0,1036,40.0,38
48.0,1036,40.0,38
49.0,1036,40.0,38
39.0,827,49.0,38
31.0,1040,30.0,38
32.0,1040,30.0,38
33.0,1040,30.0,38
34.0,1040,30.0,38
35.0,1040,30.0,38
36.0,1040,30.0,38
37.0,1040,30.0,38
38.0,1040,30.0,38
39.0,1040,30.0,38
31.0,1041,30.0,38
32.0,1041,30.0,38
33.0,1041,30.0,38
34.0,1041,30.0,38
35.0,1041,30.0,38
36.0,1041,30.0,38
37.0,1041,30.0,38
38.0,1041,30.0,38
39.0,1041,30.0,38
41.0,1043,40.0,38
42.0,1043,40.0,38
43.0,1043,40.0,38
44.0,1043,40.0,38
45.0,1043,40.0,38
46.0,1043,40.0,38
47.0,1043,40.0,38
48.0,1043,40.0,38
49.0,1043,40.0,38
21.0,1045,20.0,38
22.0,1045,20.0,38
23.0,1045,20.0,38
24.0,1045,20.0,38
25.0,1045,20.0,38
26.0,1045,20.0,38
27.0,1045,20.0,38
28.0,1045,20.0,38
29.0,1045,20.0,38
11.0,1047,10.0,38
12.0,1047,10.0,38
13.0,1047,10.0,38
14.0,1047,10.0,38
15.0,1047,10.0,38
16.0,1047,10.0,38
17.0,1047,10.0,38
18.0,1047,10.0,38
19.0,1047,10.0,38
6.0,708,0i,38
10.0,708,0i,38
19.0,708,0i,38
21.0,708,0i,38
22.0,708,0i,38
27.0,708,0i,38
35.0,708,0i,38
44.0,708,0i,38
47.0,708,0i,38
1h,708,0i,38
19.0,1055,29.0,38
21.0,1057,20.0,38
22.0,1057,20.0,38
23.0,1057,20.0,38
24.0,1057,20.0,38
25.0,1057,20.0,38
26.0,1057,20.0,38
27.0,1057,20.0,38
28.0,1057,20.0,38
29.0,1057,20.0,38
39.0,931,49.0,38
3.0,708,1h,38
19.0,708,1h,38
27.0,708,1h,38
29.0,708,1h,38
47.0,708,1h,38
0i,708,1h,38
11.0,1019,10.0,39
12.0,1019,10.0,39
13.0,1019,10.0,39
14.0,1019,10.0,39
15.0,1019,10.0,39
16.0,1019,10.0,39
17.0,1019,10.0,39
18.0,1019,10.0,39
19.0,1019,10.0,39
6.0,1063,0i,39
10.0,1063,0i,39
19.0,1063,0i,39
21.0,1063,0i,39
22.0,1063,0i,39
27.0,1063,0i,39
35.0,1063,0i,39
44.0,1063,0i,39
47.0,1063,0i,39
1h,1063,0i,39
41.0,1068,40.0,39
42.0,1068,40.0,39
43.0,1068,40.0,39
44.0,1068,40.0,39
45.0,1068,40.0,39
46.0,1068,40.0,39
47.0,1068,40.0,39
48.0,1068,40.0,39
49.0,1068,40.0,39
29.0,1070,39.0,39
41.0,1073,40.0,39
42.0,1073,40.0,39
43.0,1073,40.0,39
44.0,1073,40.0,39
45.0,1073,40.0,39
46.0,1073,40.0,39
47.0,1073,40.0,39
48.0,1073,40.0,39
49.0,1073,40.0,39
19.0,973,29.0,39
9.0,1019,19.0,39
41.0,1079,40.0,39
42.0,1079,40.0,39
43.0,1079,40.0,39
44.0,1079,40.0,39
45.0,1079,40.0,39
46.0,1079,40.0,39
47.0,1079,40.0,39
48.0,1079,40.0,39
49.0,1079,40.0,39
31.0,1083,30.0,39
32.0,1083,30.0,39
33.0,1083,30.0,39
34.0,1083,30.0,39
35.0,1083,30.0,39
36.0,1083,30.0,39
37.0,1083,30.0,39
38.0,1083,30.0,39
39.0,1083,30.0,39
29.0,1084,39.0,39
31.0,1095,30.0,40
32.0,1095,30.0,40
33.0,1095,30.0,40
34.0,1095,30.0,40
35.0,1095,30.0,40
36.0,1095,30.0,40
37.0,1095,30.0,40
38.0,1095,30.0,40
39.0,1095,30.0,40
11.0,708,10.0,40
12.0,708,10.0,40
13.0,708,10.0,40
14.0,708,10.0,40
15.0,708,10.0,40
16.0,708,10.0,40
17.0,708,10.0,40
18.0,708,10.0,40
19.0,708,10.0,40
31.0,1099,30.0,40
32.0,1099,30.0,40
33.0,1099,30.0,40
34.0,1099,30.0,40
35.0,1099,30.0,40
36.0,1099,30.0,40
37.0,1099,30.0,40
38.0,1099,30.0,40
39.0,1099,30.0,40
29.0,827,39.0,40
9.0,708,19.0,40
6.0,293,0i,40
10.0,293,0i,40
19.0,293,0i,40
21.0,293,0i,40
22.0,293,0i,40
27.0,293,0i,40
35.0,293,0i,40
44.0,293,0i,40
47.0,293,0i,40
1h,293,0i,40
29.0,827,39.0,40
1.0,1112,0.0,40
2.0,1112,0.0,40
3.0,1112,0.0,40
4.0,1112,0.0,40
5.0,1112,0.0,40
6.0,1112,0.0,40
7.0,1112,0.0,40
8.0,1112,0.0,40
9.0,1112,0.0,40
11.0,708,10.0,40
12.0,708,10.0,40
13.0,708,10.0,40
14.0,708,10.0,40
15.0,708,10.0,40
16.0,708,10.0,40
17.0,708,10.0,40
18.0,708,10.0,40
19.0,708,10.0,40
21.0,1114,20.0,41
22.0,1114,20.0,41
23.0,1114,20.0,41
24.0,1114,20.0,41
25.0,1114,20.0,41
26.0,1114,20.0,41
27.0,1114,20.0,41
28.0,1114,20.0,41
29.0,1114,20.0,41
39.0,1115,49.0,41
31.0,1121,30.0,41
32.0,1121,30.0,41
33.0,1121,30.0,41
34.0,1121,30.0,41
35.0,1121,30.0,41
36.0,1121,30.0,41
37.0,1121,30.0,41
38.0,1121,30.0,41
39.0,1121,30.0,41
11.0,756,10.0,41
12.0,756,10.0,41
13.0,756,10.0,41
14.0,756,10.0,41
15.0,756,10.0,41
16.0,756,10.0,41
17.0,756,10.0,41
18.0,756,10.0,41
19.0,756,10.0,41
11.0,708,10.0,41
12.0,708,10.0,41
13.0,708,10.0,41
14.0,708,10.0,41
15.0,708,10.0,41
16.0,708,10.0,41
17.0,708,10.0,41
18.0,708,10.0,41
19.0,708,10.0,41
1.0,1123,0.0,41
2.0,1123,0.0,41
3.0,1123,0.0,41
4.0,1123,0.0,41
5.0,1123,0.0,41
6.0,1123,0.0,41
7.0,1123,0.0,41
8.0,1123,0.0,41
9.0,1123,0.0,41
6.0,293,0i,41
10.0,293,0i,41
19.0,293,0i,41
21.0,293,0i,41
22.0,293,0i,41
27.0,293,0i,41
35.0,293,0i,41
44.0,293,0i,41
47.0,293,0i,41
1h,293,0i,41
6.0,1128,0i,41
10.0,1128,0i,41
19.0,1128,0i,41
21.0,1128,0i,41
22.0,1128,0i,41
27.0,1128,0i,41
35.0,1128,0i,41
44.0,1128,0i,41
47.0,1128,0i,41
1h,1128,0i,41
41.0,1130,40.0,41
42.0,1130,40.0,41
43.0,1130,40.0,41
44.0,1130,40.0,41
45.0,1130,40.0,41
46.0,1130,40.0,41
47.0,1130,40.0,41
48.0,1130,40.0,41
49.0,1130,40.0,41
21.0,1140,20.0,41
22.0,1140,20.0,41
23.0,1140,20.0,41
24.0,1140,20.0,41
25.0,1140,20.0,41
26.0,1140,20.0,41
27.0,1140,20.0,41
28.0,1140,20.0,41
29.0,1140,20.0,41
1.0,1143,0.0,42
2.0,1143,0.0,42
3.0,1143,0.0,42
4.0,1143,0.0,42
5.0,1143,0.0,42
6.0,1143,0.0,42
7.0,1143,0.0,42
8.0,1143,0.0,42
9.0,1143,0.0,42
31.0,1144,30.0,42
32.0,1144,30.0,42
33.0,1144,30.0,42
34.0,1144,30.0,42
35.0,1144,30.0,42
36.0,1144,30.0,42
37.0,1144,30.0,42
38.0,1144,30.0,42
39.0,1144,30.0,42
41.0,1145,40.0,42
42.0,1145,40.0,42
43.0,1145,40.0,42
44.0,1145,40.0,42
45.0,1145,40.0,42
46.0,1145,40.0,42
47.0,1145,40.0,42
48.0,1145,40.0,42
49.0,1145,40.0,42
19.0,1045,29.0,42
1.0,1159,0.0,42
2.0,1159,0.0,42
3.0,1159,0.0,42
4.0,1159,0.0,42
5.0,1159,0.0,42
6.0,1159,0.0,42
7.0,1159,0.0,42
8.0,1159,0.0,42
9.0,1159,0.0,42
39.0,1160,49.0,42
9.0,1162,19.0,42
19.0,1170,29.0,42
1.0,1171,0.0,42
2.0,1171,0.0,42
3.0,1171,0.0,42
4.0,1171,0.0,42
5.0,1171,0.0,42
6.0,1171,0.0,42
7.0,1171,0.0,42
8.0,1171,0.0,42
9.0,1171,0.0,42
31.0,1172,30.0,43
32.0,1172,30.0,43
33.0,1172,30.0,43
34.0,1172,30.0,43
35.0,1172,30.0,43
36.0,1172,30.0,43
37.0,1172,30.0,43
38.0,1172,30.0,43
39.0,1172,30.0,43
1.0,1174,0.0,43
2.0,1174,0.0,43
3.0,1174,0.0,43
4.0,1174,0.0,43
5.0,1174,0.0,43
6.0,1174,0.0,43
7.0,1174,0.0,43
8.0,1174,0.0,43
9.0,1174,0.0,43
11.0,293,10.0,43
12.0,293,10.0,43
13.0,293,10.0,43
14.0,293,10.0,43
15.0,293,10.0,43
16.0,293,10.0,43
17.0,293,10.0,43
18.0,293,10.0,43
19.0,293,10.0,43
41.0,1175,40.0,43
42.0,1175,40.0,43
43.0,1175,40.0,43
44.0,1175,40.0,43
45.0,1175,40.0,43
46.0,1175,40.0,43
47.0,1175,40.0,43
48.0,1175,40.0,43
49.0,1175,40.0,43
39.0,1177,49.0,43
1.0,1179,0.0,43
2.0,1179,0.0,43
3.0,1179,0.0,43
4.0,1179,0.0,43
5.0,1179,0.0,43
6.0,1179,0.0,43
7.0,1179,0.0,43
8.0,1179,0.0,43
9.0,1179,0.0,43
6.0,381,0i,43
10.0,381,0i,43
19.0,381,0i,43
21.0,381,0i,43
22.0,381,0i,43
27.0,381,0i,43
35.0,381,0i,43
44.0,381,0i,43
47.0,381,0i,43
1h,381,0i,43
6.0,591,0i,43
10.0,591,0i,43
19.0,591,0i,43
21.0,591,0i,43
22.0,591,0i,43
27.0,591,0i,43
35.0,591,0i,43
44.0,591,0i,43
47.0,591,0i,43
1h,591,0i,43
9.0,1183,19.0,43
6.0,293,0i,43
10.0,293,0i,43
19.0,293,0i,43
21.0,293,0i,43
22.0,293,0i,43
27.0,293,0i,43
35.0,293,0i,43
44.0,293,0i,43
47.0,293,0i,43
1h,293,0i,43
39.0,935,49.0,43
39.0,1079,49.0,43
3.0,293,1h,43
19.0,293,1h,43
27.0,293,1h,43
29.0,293,1h,43
47.0,293,1h,43
0i,293,1h,43
11.0,1198,10.0,44
12.0,1198,10.0,44
13.0,1198,10.0,44
14.0,1198,10.0,44
15.0,1198,10.0,44
16.0,1198,10.0,44
17.0,1198,10.0,44
18.0,1198,10.0,44
19.0,1198,10.0,44
9.0,293,19.0,44
9.0,1206,19.0,44
41.0,1207,40.0,44
42.0,1207,40.0,44
43.0,1207,40.0,44
44.0,1207,40.0,44
45.0,1207,40.0,44
46.0,1207,40.0,44
47.0,1207,40.0,44
48.0,1207,40.0,44
49.0,1207,40.0,44
41.0,1208,40.0,44
42.0,1208,40.0,44
43.0,1208,40.0,44
44.0,1208,40.0,44
45.0,1208,40.0,44
46.0,1208,40.0,44
47.0,1208,40.0,44
48.0,1208,40.0,44
49.0,1208,40.0,44
3.0,1211,1h,44
19.0,1211,1h,44
27.0,1211,1h,44
29.0,1211,1h,44
47.0,1211,1h,44
0i,1211,1h,44
21.0,1213,20.0,44
22.0,1213,20.0,44
23.0,1213,20.0,44
24.0,1213,20.0,44
25.0,1213,20.0,44
26.0,1213,20.0,44
27.0,1213,20.0,44
28.0,1213,20.0,44
29.0,1213,20.0,44
9.0,293,19.0,44
29.0,1222,39.0,44
19.0,1224,29.0,44
41.0,1226,40.0,44
42.0,1226,40.0,44
43.0,1226,40.0,44
44.0,1226,40.0,44
45.0,1226,40.0,44
46.0,1226,40.0,44
47.0,1226,40.0,44
48.0,1226,40.0,44
49.0,1226,40.0,44
3.0,1227,1h,44
19.0,1227,1h,44
27.0,1227,1h,44
29.0,1227,1h,44
47.0,1227,1h,44
0i,1227,1h,44
11.0,1229,10.0,44
12.0,1229,10.0,44
13.0,1229,10.0,44
14.0,1229,10.0,44
15.0,1229,10.0,44
16.0,1229,10.0,44
17.0,1229,10.0,44
18.0,1229,10.0,44
19.0,1229,10.0,44
9.0,1231,19.0,44
3.0,1232,1h,44
19.0,1232,1h,44
27.0,1232,1h,44
29.0,1232,1h,44
47.0,1232,1h,44
0i,1232,1h,44
19.0,1234,29.0,45
21.0,1236,20.0,45
22.0,1236,20.0,45
23.0,1236,20.0,45
24.0,1236,20.0,45
25.0,1236,20.0,45
26.0,1236,20.0,45
27.0,1236,20.0,45
28.0,1236,20.0,45
29.0,1236,20.0,45
1.0,1242,0.0,45
2.0,1242,0.0,45
3.0,1242,0.0,45
4.0,1242,0.0,45
5.0,1242,0.0,45
6.0,1242,0.0,45
7.0,1242,0.0,45
8.0,1242,0.0,45
9.0,1242,0.0,45
19.0,1244,29.0,45
39.0,1207,49.0,45
29.0,1095,39.0,45
39.0,1245,49.0,45
6.0,1247,0i,45
10.0,1247,0i,45
19.0,1247,0i,45
21.0,1247,0i,45
22.0,1247,0i,45
27.0,1247,0i,45
35.0,1247,0i,45
44.0,1247,0i,45
47.0,1247,0i,45
1h,1247,0i,45
6.0,1249,0i,45
10.0,1249,0i,45
19.0,1249,0i,45
21.0,1249,0i,45
22.0,1249,0i,45
27.0,1249,0i,45
35.0,1249,0i,45
44.0,1249,0i,45
47.0,1249,0i,45
1h,1249,0i,45
29.0,1099,39.0,45
3.0,1256,1h,45
19.0,1256,1h,45
27.0,1256,1h,45
29.0,1256,1h,45
47.0,1256,1h,45
0i,1256,1h,45
29.0,1262,39.0,45
3.0,1264,1h,46
19.0,1264,1h,46
27.0,1264,1h,46
29.0,1264,1h,46
47.0,1264,1h,46
0i,1264,1h,46
31.0,1267,30.0,46
32.0,1267,30.0,46
33.0,1267,30.0,46
34.0,1267,30.0,46
35.0,1267,30.0,46
36.0,1267,30.0,46
37.0,1267,30.0,46
38.0,1267,30.0,46
39.0,1267,30.0,46
21.0,1268,20.0,46
22.0,1268,20.0,46
23.0,1268,20.0,46
24.0,1268,20.0,46
25.0,1268,20.0,46
26.0,1268,20.0,46
27.0,1268,20.0,46
28.0,1268,20.0,46
29.0,1268,20.0,46
1.0,1269,0.0,46
2.0,1269,0.0,46
3.0,1269,0.0,46
4.0,1269,0.0,46
5.0,1269,0.0,46
6.0,1269,0.0,46
7.0,1269,0.0,46
8.0,1269,0.0,46
9.0,1269,0.0,46
6.0,1280,0i,46
10.0,1280,0i,46
19.0,1280,0i,46
21.0,1280,0i,46
22.0,1280,0i,46
27.0,1280,0i,46
35.0,1280,0i,46
44.0,1280,0i,46
47.0,1280,0i,46
1h,1280,0i,46
29.0,1282,39.0,46
39.0,1283,49.0,46
9.0,1264,19.0,46
19.0,1289,29.0,46
19.0,1282,29.0,46
9.0,1298,19.0,46
31.0,1301,30.0,47
32.0,1301,30.0,47
33.0,1301,30.0,47
34.0,1301,30.0,47
35.0,1301,30.0,47
36.0,1301,30.0,47
37.0,1301,30.0,47
38.0,1301,30.0,47
39.0,1301,30.0,47
3.0,293,1h,47
19.0,293,1h,47
27.0,293,1h,47
29.0,293,1h,47
47.0,293,1h,47
0i,293,1h,47
41.0,1305,40.0,47
42.0,1305,40.0,47
43.0,1305,40.0,47
44.0,1305,40.0,47
45.0,1305,40.0,47
46.0,1305,40.0,47
47.0,1305,40.0,47
48.0,1305,40.0,47
49.0,1305,40.0,47
31.0,1310,30.0,47
32.0,1310,30.0,47
33.0,1310,30.0,47
34.0,1310,30.0,47
35.0,1310,30.0,47
36.0,1310,30.0,47
37.0,1310,30.0,47
38.0,1310,30.0,47
39.0,1310,30.0,47
39.0,1312,49.0,47
41.0,1314,40.0,47
42.0,1314,40.0,47
43.0,1314,40.0,47
44.0,1314,40.0,47
45.0,1314,40.0,47
46.0,1314,40.0,47
47.0,1314,40.0,47
48.0,1314,40.0,47
49.0,1314,40.0,47
3.0,1316,1h,47
19.0,1316,1h,47
27.0,1316,1h,47
29.0,1316,1h,47
47.0,1316,1h,47
0i,1316,1h,47
1.0,1318,0.0,47
2.0,1318,0.0,47
3.0,1318,0.0,47
4.0,1318,0.0,47
5.0,1318,0.0,47
6.0,1318,0.0,47
7.0,1318,0.0,47
8.0,1318,0.0,47
9.0,1318,0.0,47
11.0,1320,10.0,47
12.0,1320,10.0,47
13.0,1320,10.0,47
14.0,1320,10.0,47
15.0,1320,10.0,47
16.0,1320,10.0,47
17.0,1320,10.0,47
18.0,1320,10.0,47
19.0,1320,10.0,47
41.0,1321,40.0,47
42.0,1321,40.0,47
43.0,1321,40.0,47
44.0,1321,40.0,47
45.0,1321,40.0,47
46.0,1321,40.0,47
47.0,1321,40.0,47
48.0,1321,40.0,47
49.0,1321,40.0,47
11.0,591,10.0,48
12.0,591,10.0,48
13.0,591,10.0,48
14.0,591,10.0,48
15.0,591,10.0,48
16.0,591,10.0,48
17.0,591,10.0,48
18.0,591,10.0,48
19.0,591,10.0,48
6.0,1323,0i,48
10.0,1323,0i,48
19.0,1323,0i,48
21.0,1323,0i,48
22.0,1323,0i,48
27.0,1323,0i,48
35.0,1323,0i,48
44.0,1323,0i,48
47.0,1323,0i,48
1h,1323,0i,48
6.0,381,0i,48
10.0,381,0i,48
19.0,381,0i,48
21.0,381,0i,48
22.0,381,0i,48
27.0,381,0i,48
35.0,381,0i,48
44.0,381,0i,48
47.0,381,0i,48
1h,381,0i,48
3.0,1019,1h,48
19.0,1019,1h,48
27.0,1019,1h,48
29.0,1019,1h,48
47.0,1019,1h,48
0i,1019,1h,48
9.0,1332,19.0,48
31.0,1333,30.0,48
32.0,1333,30.0,48
33.0,1333,30.0,48
34.0,1333,30.0,48
35.0,1333,30.0,48
36.0,1333,30.0,48
37.0,1333,30.0,48
38.0,1333,30.0,48
39.0,1333,30.0,48
6.0,293,0i,48
10.0,293,0i,48
19.0,293,0i,48
21.0,293,0i,48
22.0,293,0i,48
27.0,293,0i,48
35.0,293,0i,48
44.0,293,0i,48
47.0,293,0i,48
1h,293,0i,48
31.0,1334,30.0,48
32.0,1334,30.0,48
33.0,1334,30.0,48
34.0,1334,30.0,48
35.0,1334,30.0,48
36.0,1334,30.0,48
37.0,1334,30.0,48
38.0,1334,30.0,48
39.0,1334,30.0,48
31.0,1338,30.0,48
32.0,1338,30.0,48
33.0,1338,30.0,48
34.0,1338,30.0,48
35.0,1338,30.0,48
36.0,1338,30.0,48
37.0,1338,30.0,48
38.0,1338,30.0,48
39.0,1338,30.0,48
9.0,1340,19.0,48
31.0,1343,30.0,48
32.0,1343,30.0,48
33.0,1343,30.0,48
34.0,1343,30.0,48
35.0,1343,30.0,48
36.0,1343,30.0,48
37.0,1343,30.0,48
38.0,1343,30.0,48
39.0,1343,30.0,48
9.0,293,19.0,49
21.0,1352,20.0,49
22.0,1352,20.0,49
23.0,1352,20.0,49
24.0,1352,20.0,49
25.0,1352,20.0,49
26.0,1352,20.0,49
27.0,1352,20.0,49
28.0,1352,20.0,49
29.0,1352,20.0,49
41.0,1356,40.0,49
42.0,1356,40.0,49
43.0,1356,40.0,49
44.0,1356,40.0,49
45.0,1356,40.0,49
46.0,1356,40.0,49
47.0,1356,40.0,49
48.0,1356,40.0,49
49.0,1356,40.0,49
6.0,1357,0i,49
10.0,1357,0i,49
19.0,1357,0i,49
21.0,1357,0i,49
22.0,1357,0i,49
27.0,1357,0i,49
35.0,1357,0i,49
44.0,1357,0i,49
47.0,1357,0i,49
1h,1357,0i,49
3.0,293,1h,49
19.0,293,1h,49
27.0,293,1h,49
29.0,293,1h,49
47.0,293,1h,49
0i,293,1h,49
19.0,1262,29.0,49
41.0,1372,40.0,49
42.0,1372,40.0,49
43.0,1372,40.0,49
44.0,1372,40.0,49
45.0,1372,40.0,49
46.0,1372,40.0,49
47.0,1372,40.0,49
48.0,1372,40.0,49
49.0,1372,40.0,49
29.0,1373,39.0,49
31.0,1375,30.0,49
32.0,1375,30.0,49
33.0,1375,30.0,49
34.0,1375,30.0,49
35.0,1375,30.0,49
36.0,1375,30.0,49
37.0,1375,30.0,49
38.0,1375,30.0,49
39.0,1375,30.0,49
19.0,1381,29.0,50
39.0,1385,49.0,50
11.0,591,10.0,50
12.0,591,10.0,50
13.0,591,10.0,50
14.0,591,10.0,50
15.0,591,10.0,50
16.0,591,10.0,50
17.0,591,10.0,50
18.0,591,10.0,50
19.0,591,10.0,50
1.0,1388,0.0,50
2.0,1388,0.0,50
3.0,1388,0.0,50
4.0,1388,0.0,50
5.0,1388,0.0,50
6.0,1388,0.0,50
7.0,1388,0.0,50
8.0,1388,0.0,50
9.0,1388,0.0,50
3.0,1063,1h,50
19.0,1063,1h,50
27.0,1063,1h,50
29.0,1063,1h,50
47.0,1063,1h,50
0i,1063,1h,50
11.0,1396,10.0,50
12.0,1396,10.0,50
13.0,1396,10.0,50
14.0,1396,10.0,50
15.0,1396,10.0,50
16.0,1396,10.0,50
17.0,1396,10.0,50
18.0,1396,10.0,50
19.0,1396,10.0,50
21.0,1400,20.0,50
22.0,1400,20.0,50
23.0,1400,20.0,50
24.0,1400,20.0,50
25.0,1400,20.0,50
26.0,1400,20.0,50
27.0,1400,20.0,50
28.0,1400,20.0,50
29.0,1400,20.0,50
11.0,1402,10.0,50
12.0,1402,10.0,50
13.0,1402,10.0,50
14.0,1402,10.0,50
15.0,1402,10.0,50
16.0,1402,10.0,50
17.0,1402,10.0,50
18.0,1402,10.0,50
19.0,1402,10.0,50
19.0,1403,29.0,50
1.0,1404,0.0,50
2.0,1404,0.0,50
3.0,1404,0.0,50
4.0,1404,0.0,50
5.0,1404,0.0,50
6.0,1404,0.0,50
7.0,1404,0.0,50
8.0,1404,0.0,50
9.0,1404,0.0,50
11.0,1407,10.0,50
12.0,1407,10.0,50
13.0,1407,10.0,50
14.0,1407,10.0,50
15.0,1407,10.0,50
16.0,1407,10.0,50
17.0,1407,10.0,50
18.0,1407,10.0,50
19.0,1407,10.0,50
3.0,293,1h,50
19.0,293,1h,50
27.0,293,1h,50
29.0,293,1h,50
47.0,293,1h,50
0i,293,1h,50
6.0,1409,0i,50
10.0,1409,0i,50
19.0,1409,0i,50
21.0,1409,0i,50
22.0,1409,0i,50
27.0,1409,0i,50
35.0,1409,0i,50
44.0,1409,0i,50
47.0,1409,0i,50
1h,1409,0i,50
41.0,1410,40.0,50
42.0,1410,40.0,50
43.0,1410,40.0,50
44.0,1410,40.0,50
45.0,1410,40.0,50
46.0,1410,40.0,50
47.0,1410,40.0,50
48.0,1410,40.0,50
49.0,1410,40.0,50
29.0,1267,39.0,50
19.0,1412,29.0,50
19.0,1415,29.0,51
11.0,1128,10.0,51
12.0,1128,10.0,51
13.0,1128,10.0,51
14.0,1128,10.0,51
15.0,1128,10.0,51
16.0,1128,10.0,51
17.0,1128,10.0,51
18.0,1128,10.0,51
19.0,1128,10.0,51
41.0,1421,40.0,51
42.0,1421,40.0,51
43.0,1421,40.0,51
44.0,1421,40.0,51
45.0,1421,40.0,51
46.0,1421,40.0,51
47.0,1421,40.0,51
48.0,1421,40.0,51
49.0,1421,40.0,51
6.0,1424,0i,51
10.0,1424,0i,51
19.0,1424,0i,51
21.0,1424,0i,51
22.0,1424,0i,51
27.0,1424,0i,51
35.0,1424,0i,51
44.0,1424,0i,51
47.0,1424,0i,51
1h,1424,0i,51
31.0,1425,30.0,51
32.0,1425,30.0,51
33.0,1425,30.0,51
34.0,1425,30.0,51
35.0,1425,30.0,51
36.0,1425,30.0,51
37.0,1425,30.0,51
38.0,1425,30.0,51
39.0,1425,30.0,51
21.0,1427,20.0,51
22.0,1427,20.0,51
23.0,1427,20.0,51
24.0,1427,20.0,51
25.0,1427,20.0,51
26.0,1427,20.0,51
27.0,1427,20.0,51
28.0,1427,20.0,51
29.0,1427,20.0,51
6.0,708,0i,51
10.0,708,0i,51
19.0,708,0i,51
21.0,708,0i,51
22.0,708,0i,51
27.0,708,0i,51
35.0,708,0i,51
44.0,708,0i,51
47.0,708,0i,51
1h,708,0i,51
11.0,293,10.0,51
12.0,293,10.0,51
13.0,293,10.0,51
14.0,293,10.0,51
15.0,293,10.0,51
16.0,293,10.0,51
17.0,293,10.0,51
18.0,293,10.0,51
19.0,293,10.0,51
29.0,1430,39.0,51
41.0,1432,40.0,51
42.0,1432,40.0,51
43.0,1432,40.0,51
44.0,1432,40.0,51
45.0,1432,40.0,51
46.0,1432,40.0,51
47.0,1432,40.0,51
48.0,1432,40.0,51
49.0,1432,40.0,51
3.0,1435,1h,51
19.0,1435,1h,51
27.0,1435,1h,51
29.0,1435,1h,51
47.0,1435,1h,51
0i,1435,1h,51
1.0,1438,0.0,52
2.0,1438,0.0,52
3.0,1438,0.0,52
4.0,1438,0.0,52
5.0,1438,0.0,52
6.0,1438,0.0,52
7.0,1438,0.0,52
8.0,1438,0.0,52
9.0,1438,0.0,52
41.0,1441,40.0,52
42.0,1441,40.0,52
43.0,1441,40.0,52
44.0,1441,40.0,52
45.0,1441,40.0,52
46.0,1441,40.0,52
47.0,1441,40.0,52
48.0,1441,40.0,52
49.0,1441,40.0,52
11.0,1128,10.0,52
12.0,1128,10.0,52
13.0,1128,10.0,52
14.0,1128,10.0,52
15.0,1128,10.0,52
16.0,1128,10.0,52
17.0,1128,10.0,52
18.0,1128,10.0,52
19.0,1128,10.0,52
39.0,1444,49.0,52
29.0,1333,39.0,52
9.0,1448,19.0,52
1.0,1450,0.0,52
2.0,1450,0.0,52
3.0,1450,0.0,52
4.0,1450,0.0,52
5.0,1450,0.0,52
6.0,1450,0.0,52
7.0,1450,0.0,52
8.0,1450,0.0,52
9.0,1450,0.0,52
3.0,381,1h,52
19.0,381,1h,52
27.0,381,1h,52
29.0,381,1h,52
47.0,381,1h,52
0i,381,1h,52
39.0,1451,49.0,52
39.0,1456,49.0,52
41.0,1460,40.0,53
42.0,1460,40.0,53
43.0,1460,40.0,53
44.0,1460,40.0,53
45.0,1460,40.0,53
46.0,1460,40.0,53
47.0,1460,40.0,53
48.0,1460,40.0,53
49.0,1460,40.0,53
9.0,1465,19.0,53
9.0,1409,19.0,53
6.0,1211,0i,53
10.0,1211,0i,53
19.0,1211,0i,53
21.0,1211,0i,53
22.0,1211,0i,53
27.0,1211,0i,53
35.0,1211,0i,53
44.0,1211,0i,53
47.0,1211,0i,53
1h,1211,0i,53
9.0,1472,19.0,53
41.0,1475,40.0,53
42.0,1475,40.0,53
43.0,1475,40.0,53
44.0,1475,40.0,53
45.0,1475,40.0,53
46.0,1475,40.0,53
47.0,1475,40.0,53
48.0,1475,40.0,53
49.0,1475,40.0,53
21.0,1476,20.0,53
22.0,1476,20.0,53
23.0,1476,20.0,53
24.0,1476,20.0,53
25.0,1476,20.0,53
26.0,1476,20.0,53
27.0,1476,20.0,53
28.0,1476,20.0,53
29.0,1476,20.0,53
29.0,1481,39.0,53
11.0,1483,10.0,54
12.0,1483,10.0,54
13.0,1483,10.0,54
14.0,1483,10.0,54
15.0,1483,10.0,54
16.0,1483,10.0,54
17.0,1483,10.0,54
18.0,1483,10.0,54
19.0,1483,10.0,54
6.0,1484,0i,54
10.0,1484,0i,54
19.0,1484,0i,54
21.0,1484,0i,54
22.0,1484,0i,54
27.0,1484,0i,54
35.0,1484,0i,54
44.0,1484,0i,54
47.0,1484,0i,54
1h,1484,0i,54
19.0,1019,29.0,54
9.0,1483,19.0,54
11.0,1247,10.0,54
12.0,1247,10.0,54
13.0,1247,10.0,54
14.0,1247,10.0,54
15.0,1247,10.0,54
16.0,1247,10.0,54
17.0,1247,10.0,54
18.0,1247,10.0,54
19.0,1247,10.0,54
3.0,1495,1h,54
19.0,1495,1h,54
27.0,1495,1h,54
29.0,1495,1h,54
47.0,1495,1h,54
0i,1495,1h,54
41.0,1505,40.0,54
42.0,1505,40.0,54
43.0,1505,40.0,54
44.0,1505,40.0,54
45.0,1505,40.0,54
46.0,1505,40.0,54
47.0,1505,40.0,54
48.0,1505,40.0,54
49.0,1505,40.0,54
31.0,1506,30.0,54
32.0,1506,30.0,54
33.0,1506,30.0,54
34.0,1506,30.0,54
35.0,1506,30.0,54
36.0,1506,30.0,54
37.0,1506,30.0,54
38.0,1506,30.0,54
39.0,1506,30.0,54
39.0,1508,49.0,54
19.0,1518,29.0,55
21.0,1520,20.0,55
22.0,1520,20.0,55
23.0,1520,20.0,55
24.0,1520,20.0,55
25.0,1520,20.0,55
26.0,1520,20.0,55
27.0,1520,20.0,55
28.0,1520,20.0,55
29.0,1520,20.0,55
6.0,1523,0i,55
10.0,1523,0i,55
19.0,1523,0i,55
21.0,1523,0i,55
22.0,1523,0i,55
27.0,1523,0i,55
35.0,1523,0i,55
44.0,1523,0i,55
47.0,1523,0i,55
1h,1523,0i,55
39.0,1372,49.0,55
41.0,1529,40.0,55
42.0,1529,40.0,55
43.0,1529,40.0,55
44.0,1529,40.0,55
45.0,1529,40.0,55
46.0,1529,40.0,55
47.0,1529,40.0,55
48.0,1529,40.0,55
49.0,1529,40.0,55
29.0,1533,39.0,55
19.0,293,29.0,55
6.0,1537,0i,55
10.0,1537,0i,55
19.0,1537,0i,55
21.0,1537,0i,55
22.0,1537,0i,55
27.0,1537,0i,55
35.0,1537,0i,55
44.0,1537,0i,55
47.0,1537,0i,55
1h,1537,0i,55
41.0,1538,40.0,56
42.0,1538,40.0,56
43.0,1538,40.0,56
44.0,1538,40.0,56
45.0,1538,40.0,56
46.0,1538,40.0,56
47.0,1538,40.0,56
48.0,1538,40.0,56
49.0,1538,40.0,56
39.0,1541,49.0,56
1.0,1542,0.0,56
2.0,1542,0.0,56
3.0,1542,0.0,56
4.0,1542,0.0,56
5.0,1542,0.0,56
6.0,1542,0.0,56
7.0,1542,0.0,56
8.0,1542,0.0,56
9.0,1542,0.0,56
9.0,1545,19.0,56
19.0,1435,29.0,56
19.0,1552,29.0,56
3.0,1555,1h,56
19.0,1555,1h,56
27.0,1555,1h,56
29.0,1555,1h,56
47.0,1555,1h,56
0i,1555,1h,56
6.0,1256,0i,56
10.0,1256,0i,56
19.0,1256,0i,56
21.0,1256,0i,56
22.0,1256,0i,56
27.0,1256,0i,56
35.0,1256,0i,56
44.0,1256,0i,56
47.0,1256,0i,56
1h,1256,0i,56
29.0,1558,39.0,56
41.0,1565,40.0,56
42.0,1565,40.0,56
43.0,1565,40.0,56
44.0,1565,40.0,56
45.0,1565,40.0,56
46.0,1565,40.0,56
47.0,1565,40.0,56
48.0,1565,40.0,56
49.0,1565,40.0,56
3.0,293,1h,56
19.0,293,1h,56
27.0,293,1h,56
29.0,293,1h,56
47.0,293,1h,56
0i,293,1h,56
41.0,1570,40.0,57
42.0,1570,40.0,57
43.0,1570,40.0,57
44.0,1570,40.0,57
45.0,1570,40.0,57
46.0,1570,40.0,57
47.0,1570,40.0,57
48.0,1570,40.0,57
49.0,1570,40.0,57
6.0,293,0i,57
10.0,293,0i,57
19.0,293,0i,57
21.0,293,0i,57
22.0,293,0i,57
27.0,293,0i,57
35.0,293,0i,57
44.0,293,0i,57
47.0,293,0i,57
1h,293,0i,57
41.0,1576,40.0,57
42.0,1576,40.0,57
43.0,1576,40.0,57
44.0,1576,40.0,57
45.0,1576,40.0,57
46.0,1576,40.0,57
47.0,1576,40.0,57
48.0,1576,40.0,57
49.0,1576,40.0,57
9.0,1552,19.0,57
29.0,1584,39.0,57
41.0,1585,40.0,57
42.0,1585,40.0,57
43.0,1585,40.0,57
44.0,1585,40.0,57
45.0,1585,40.0,57
46.0,1585,40.0,57
47.0,1585,40.0,57
48.0,1585,40.0,57
49.0,1585,40.0,57
3.0,1587,1h,57
19.0,1587,1h,57
27.0,1587,1h,57
29.0,1587,1h,57
47.0,1587,1h,57
0i,1587,1h,57
6.0,1555,0i,57
10.0,1555,0i,57
19.0,1555,0i,57
21.0,1555,0i,57
22.0,1555,0i,57
27.0,1555,0i,57
35.0,1555,0i,57
44.0,1555,0i,57
47.0,1555,0i,57
1h,1555,0i,57
21.0,1594,20.0,57
22.0,1594,20.0,57
23.0,1594,20.0,57
24.0,1594,20.0,57
25.0,1594,20.0,57
26.0,1594,20.0,57
27.0,1594,20.0,57
28.0,1594,20.0,57
29.0,1594,20.0,57
3.0,1596,1h,57
19.0,1596,1h,57
27.0,1596,1h,57
29.0,1596,1h,57
47.0,1596,1h,57
0i,1596,1h,57
11.0,1601,10.0,58
12.0,1601,10.0,58
13.0,1601,10.0,58
14.0,1601,10.0,58
15.0,1601,10.0,58
16.0,1601,10.0,58
17.0,1601,10.0,58
18.0,1601,10.0,58
19.0,1601,10.0,58
3.0,1603,1h,58
19.0,1603,1h,58
27.0,1603,1h,58
29.0,1603,1h,58
47.0,1603,1h,58
0i,1603,1h,58
9.0,1523,19.0,58
1.0,1605,0.0,58
2.0,1605,0.0,58
3.0,1605,0.0,58
4.0,1605,0.0,58
5.0,1605,0.0,58
6.0,1605,0.0,58
7.0,1605,0.0,58
8.0,1605,0.0,58
9.0,1605,0.0,58
39.0,1576,49.0,58
19.0,1584,29.0,58
19.0,381,29.0,58
6.0,1587,0i,58
10.0,1587,0i,58
19.0,1587,0i,58
21.0,1587,0i,58
22.0,1587,0i,58
27.0,1587,0i,58
35.0,1587,0i,58
44.0,1587,0i,58
47.0,1587,0i,58
1h,1587,0i,58
3.0,293,1h,58
19.0,293,1h,58
27.0,293,1h,58
29.0,293,1h,58
47.0,293,1h,58
0i,293,1h,58
21.0,1628,20.0,58
22.0,1628,20.0,58
23.0,1628,20.0,58
24.0,1628,20.0,58
25.0,1628,20.0,58
26.0,1628,20.0,58
27.0,1628,20.0,58
28.0,1628,20.0,58
29.0,1628,20.0,58
1.0,1636,0.0,59
2.0,1636,0.0,59
3.0,1636,0.0,59
4.0,1636,0.0,59
5.0,1636,0.0,59
6.0,1636,0.0,59
7.0,1636,0.0,59
8.0,1636,0.0,59
9.0,1636,0.0,59
9.0,1435,19.0,59
39.0,1356,49.0,59
31.0,1653,30.0,59
32.0,1653,30.0,59
33.0,1653,30.0,59
34.0,1653,30.0,59
35.0,1653,30.0,59
36.0,1653,30.0,59
37.0,1653,30.0,59
38.0,1653,30.0,59
39.0,1653,30.0,59
39.0,1585,49.0,59
19.0,1587,29.0,60
41.0,1659,40.0,60
42.0,1659,40.0,60
43.0,1659,40.0,60
44.0,1659,40.0,60
45.0,1659,40.0,60
46.0,1659,40.0,60
47.0,1659,40.0,60
48.0,1659,40.0,60
49.0,1659,40.0,60
31.0,1661,30.0,60
32.0,1661,30.0,60
33.0,1661,30.0,60
34.0,1661,30.0,60
35.0,1661,30.0,60
36.0,1661,30.0,60
37.0,1661,30.0,60
38.0,1661,30.0,60
39.0,1661,30.0,60
6.0,1603,0i,60
10.0,1603,0i,60
19.0,1603,0i,60
21.0,1603,0i,60
22.0,1603,0i,60
27.0,1603,0i,60
35.0,1603,0i,60
44.0,1603,0i,60
47.0,1603,0i,60
1h,1603,0i,60
41.0,1666,40.0,60
42.0,1666,40.0,60
43.0,1666,40.0,60
44.0,1666,40.0,60
45.0,1666,40.0,60
46.0,1666,40.0,60
47.0,1666,40.0,60
48.0,1666,40.0,60
49.0,1666,40.0,60
41.0,1668,40.0,60
42.0,1668,40.0,60
43.0,1668,40.0,60
44.0,1668,40.0,60
45.0,1668,40.0,60
46.0,1668,40.0,60
47.0,1668,40.0,60
48.0,1668,40.0,60
49.0,1668,40.0,60
1.0,1673,0.0,60
2.0,1673,0.0,60
3.0,1673,0.0,60
4.0,1673,0.0,60
5.0,1673,0.0,60
6.0,1673,0.0,60
7.0,1673,0.0,60
8.0,1673,0.0,60
9.0,1673,0.0,60
39.0,1585,49.0,60
6.0,381,0i,60
10.0,381,0i,60
19.0,381,0i,60
21.0,381,0i,60
22.0,381,0i,60
27.0,381,0i,60
35.0,381,0i,60
44.0,381,0i,60
47.0,381,0i,60
1h,381,0i,60
9.0,1601,19.0,60
19.0,1476,29.0,60
39.0,1684,49.0,60
19.0,1555,29.0,60
11.0,1688,10.0,60
12.0,1688,10.0,60
13.0,1688,10.0,60
14.0,1688,10.0,60
15.0,1688,10.0,60
16.0,1688,10.0,60
17.0,1688,10.0,60
18.0,1688,10.0,60
19.0,1688,10.0,60
1.0,1690,0.0,60
2.0,1690,0.0,60
3.0,1690,0.0,60
4.0,1690,0.0,60
5.0,1690,0.0,60
6.0,1690,0.0,60
7.0,1690,0.0,60
8.0,1690,0.0,60
9.0,1690,0.0,60
29.0,1576,39.0,61
3.0,1211,1h,61
19.0,1211,1h,61
27.0,1211,1h,61
29.0,1211,1h,61
47.0,1211,1h,61
0i,1211,1h,61
21.0,1700,20.0,61
22.0,1700,20.0,61
23.0,1700,20.0,61
24.0,1700,20.0,61
25.0,1700,20.0,61
26.0,1700,20.0,61
27.0,1700,20.0,61
28.0,1700,20.0,61
29.0,1700,20.0,61
6.0,293,0i,61
10.0,293,0i,61
19.0,293,0i,61
21.0,293,0i,61
22.0,293,0i,61
27.0,293,0i,61
35.0,293,0i,61
44.0,293,0i,61
47.0,293,0i,61
1h,293,0i,61
39.0,1565,49.0,61
1.0,1703,0.0,61
2.0,1703,0.0,61
3.0,1703,0.0,61
4.0,1703,0.0,61
5.0,1703,0.0,61
6.0,1703,0.0,61
7.0,1703,0.0,61
8.0,1703,0.0,61
9.0,1703,0.0,61
11.0,1707,10.0,61
12.0,1707,10.0,61
13.0,1707,10.0,61
14.0,1707,10.0,61
15.0,1707,10.0,61
16.0,1707,10.0,61
17.0,1707,10.0,61
18.0,1707,10.0,61
19.0,1707,10.0,61
31.0,1711,30.0,61
32.0,1711,30.0,61
33.0,1711,30.0,61
34.0,1711,30.0,61
35.0,1711,30.0,61
36.0,1711,30.0,61
37.0,1711,30.0,61
38.0,1711,30.0,61
39.0,1711,30.0,61
21.0,1718,20.0,61
22.0,1718,20.0,61
23.0,1718,20.0,61
24.0,1718,20.0,61
25.0,1718,20.0,61
26.0,1718,20.0,61
27.0,1718,20.0,61
28.0,1718,20.0,61
29.0,1718,20.0,61
29.0,1661,39.0,61
41.0,1720,40.0,62
42.0,1720,40.0,62
43.0,1720,40.0,62
44.0,1720,40.0,62
45.0,1720,40.0,62
46.0,1720,40.0,62
47.0,1720,40.0,62
48.0,1720,40.0,62
49.0,1720,40.0,62
29.0,1576,39.0,62
3.0,293,1h,62
19.0,293,1h,62
27.0,293,1h,62
29.0,293,1h,62
47.0,293,1h,62
0i,293,1h,62
39.0,1576,49.0,62
39.0,1729,49.0,62
1.0,1730,0.0,62
2.0,1730,0.0,62
3.0,1730,0.0,62
4.0,1730,0.0,62
5.0,1730,0.0,62
6.0,1730,0.0,62
7.0,1730,0.0,62
8.0,1730,0.0,62
9.0,1730,0.0,62
31.0,1731,30.0,62
32.0,1731,30.0,62
33.0,1731,30.0,62
34.0,1731,30.0,62
35.0,1731,30.0,62
36.0,1731,30.0,62
37.0,1731,30.0,62
38.0,1731,30.0,62
39.0,1731,30.0,62
11.0,1736,10.0,62
12.0,1736,10.0,62
13.0,1736,10.0,62
14.0,1736,10.0,62
15.0,1736,10.0,62
16.0,1736,10.0,62
17.0,1736,10.0,62
18.0,1736,10.0,62
19.0,1736,10.0,62
6.0,1744,0i,63
10.0,1744,0i,63
19.0,1744,0i,63
21.0,1744,0i,63
22.0,1744,0i,63
27.0,1744,0i,63
35.0,1744,0i,63
44.0,1744,0i,63
47.0,1744,0i,63
1h,1744,0i,63
3.0,1745,1h,63
19.0,1745,1h,63
27.0,1745,1h,63
29.0,1745,1h,63
47.0,1745,1h,63
0i,1745,1h,63
3.0,708,1h,63
19.0,708,1h,63
27.0,708,1h,63
29.0,708,1h,63
47.0,708,1h,63
0i,708,1h,63
19.0,1749,29.0,63
3.0,1211,1h,63
19.0,1211,1h,63
27.0,1211,1h,63
29.0,1211,1h,63
47.0,1211,1h,63
0i,1211,1h,63
1.0,1752,0.0,63
2.0,1752,0.0,63
3.0,1752,0.0,63
4.0,1752,0.0,63
5.0,1752,0.0,63
6.0,1752,0.0,63
7.0,1752,0.0,63
8.0,1752,0.0,63
9.0,1752,0.0,63
9.0,1755,19.0,63
6.0,1211,0i,63
10.0,1211,0i,63
19.0,1211,0i,63
21.0,1211,0i,63
22.0,1211,0i,63
27.0,1211,0i,63
35.0,1211,0i,63
44.0,1211,0i,63
47.0,1211,0i,63
1h,1211,0i,63
41.0,1756,40.0,63
42.0,1756,40.0,63
43.0,1756,40.0,63
44.0,1756,40.0,63
45.0,1756,40.0,63
46.0,1756,40.0,63
47.0,1756,40.0,63
48.0,1756,40.0,63
49.0,1756,40.0,63
1.0,1761,0.0,63
2.0,1761,0.0,63
3.0,1761,0.0,63
4.0,1761,0.0,63
5.0,1761,0.0,63
6.0,1761,0.0,63
7.0,1761,0.0,63
8.0,1761,0.0,63
9.0,1761,0.0,63
41.0,1763,40.0,63
42.0,1763,40.0,63
43.0,1763,40.0,63
44.0,1763,40.0,63
45.0,1763,40.0,63
46.0,1763,40.0,63
47.0,1763,40.0,63
48.0,1763,40.0,63
49.0,1763,40.0,63
3.0,1211,1h,63
19.0,1211,1h,63
27.0,1211,1h,63
29.0,1211,1h,63
47.0,1211,1h,63
0i,1211,1h,63
1.0,1770,0.0,64
2.0,1770,0.0,64
3.0,1770,0.0,64
4.0,1770,0.0,64
5.0,1770,0.0,64
6.0,1770,0.0,64
7.0,1770,0.0,64
8.0,1770,0.0,64
9.0,1770,0.0,64
29.0,1576,39.0,64
9.0,708,19.0,64
3.0,1424,1h,64
19.0,1424,1h,64
27.0,1424,1h,64
29.0,1424,1h,64
47.0,1424,1h,64
0i,1424,1h,64
6.0,1780,0i,64
10.0,1780,0i,64
19.0,1780,0i,64
21.0,1780,0i,64
22.0,1780,0i,64
27.0,1780,0i,64
35.0,1780,0i,64
44.0,1780,0i,64
47.0,1780,0i,64
1h,1780,0i,64
29.0,1729,39.0,64
31.0,1785,30.0,64
32.0,1785,30.0,64
33.0,1785,30.0,64
34.0,1785,30.0,64
35.0,1785,30.0,64
36.0,1785,30.0,64
37.0,1785,30.0,64
38.0,1785,30.0,64
39.0,1785,30.0,64
29.0,1576,39.0,64
21.0,1792,20.0,65
22.0,1792,20.0,65
23.0,1792,20.0,65
24.0,1792,20.0,65
25.0,1792,20.0,65
26.0,1792,20.0,65
27.0,1792,20.0,65
28.0,1792,20.0,65
29.0,1792,20.0,65
1.0,1796,0.0,65
2.0,1796,0.0,65
3.0,1796,0.0,65
4.0,1796,0.0,65
5.0,1796,0.0,65
6.0,1796,0.0,65
7.0,1796,0.0,65
8.0,1796,0.0,65
9.0,1796,0.0,65
39.0,1797,49.0,65
19.0,1799,29.0,65
11.0,1801,10.0,65
12.0,1801,10.0,65
13.0,1801,10.0,65
14.0,1801,10.0,65
15.0,1801,10.0,65
16.0,1801,10.0,65
17.0,1801,10.0,65
18.0,1801,10.0,65
19.0,1801,10.0,65
3.0,1806,1h,65
19.0,1806,1h,65
27.0,1806,1h,65
29.0,1806,1h,65
47.0,1806,1h,65
0i,1806,1h,65
41.0,1807,40.0,65
42.0,1807,40.0,65
43.0,1807,40.0,65
44.0,1807,40.0,65
45.0,1807,40.0,65
46.0,1807,40.0,65
47.0,1807,40.0,65
48.0,1807,40.0,65
49.0,1807,40.0,65
1.0,1809,0.0,65
2.0,1809,0.0,65
3.0,1809,0.0,65
4.0,1809,0.0,65
5.0,1809,0.0,65
6.0,1809,0.0,65
7.0,1809,0.0,65
8.0,1809,0.0,65
9.0,1809,0.0,65
3.0,1523,1h,65
19.0,1523,1h,65
27.0,1523,1h,65
29.0,1523,1h,65
47.0,1523,1h,65
0i,1523,1h,65
41.0,1812,40.0,65
42.0,1812,40.0,65
43.0,1812,40.0,65
44.0,1812,40.0,65
45.0,1812,40.0,65
46.0,1812,40.0,65
47.0,1812,40.0,65
48.0,1812,40.0,65
49.0,1812,40.0,65
9.0,1744,19.0,65
21.0,1815,20.0,65
22.0,1815,20.0,65
23.0,1815,20.0,65
24.0,1815,20.0,65
25.0,1815,20.0,65
26.0,1815,20.0,65
27.0,1815,20.0,65
28.0,1815,20.0,65
29.0,1815,20.0,65
39.0,1820,49.0,66
19.0,1745,29.0,66
3.0,1587,1h,66
19.0,1587,1h,66
27.0,1587,1h,66
29.0,1587,1h,66
47.0,1587,1h,66
0i,1587,1h,66
6.0,1745,0i,66
10.0,1745,0i,66
19.0,1745,0i,66
21.0,1745,0i,66
22.0,1745,0i,66
27.0,1745,0i,66
35.0,1745,0i,66
44.0,1745,0i,66
47.0,1745,0i,66
1h,1745,0i,66
39.0,1720,49.0,66
1.0,1836,0.0,66
2.0,1836,0.0,66
3.0,1836,0.0,66
4.0,1836,0.0,66
5.0,1836,0.0,66
6.0,1836,0.0,66
7.0,1836,0.0,66
8.0,1836,0.0,66
9.0,1836,0.0,66
1.0,1837,0.0,66
2.0,1837,0.0,66
3.0,1837,0.0,66
4.0,1837,0.0,66
5.0,1837,0.0,66
6.0,1837,0.0,66
7.0,1837,0.0,66
8.0,1837,0.0,66
9.0,1837,0.0,66
6.0,1838,0i,66
10.0,1838,0i,66
19.0,1838,0i,66
21.0,1838,0i,66
22.0,1838,0i,66
27.0,1838,0i,66
35.0,1838,0i,66
44.0,1838,0i,66
47.0,1838,0i,66
1h,1838,0i,66
41.0,1839,40.0,67
42.0,1839,40.0,67
43.0,1839,40.0,67
44.0,1839,40.0,67
45.0,1839,40.0,67
46.0,1839,40.0,67
47.0,1839,40.0,67
48.0,1839,40.0,67
49.0,1839,40.0,67
11.0,1843,10.0,67
12.0,1843,10.0,67
13.0,1843,10.0,67
14.0,1843,10.0,67
15.0,1843,10.0,67
16.0,1843,10.0,67
17.0,1843,10.0,67
18.0,1843,10.0,67
19.0,1843,10.0,67
3.0,1838,1h,67
19.0,1838,1h,67
27.0,1838,1h,67
29.0,1838,1h,67
47.0,1838,1h,67
0i,1838,1h,67
29.0,1785,39.0,67
19.0,1785,29.0,67
21.0,1850,20.0,67
22.0,1850,20.0,67
23.0,1850,20.0,67
24.0,1850,20.0,67
25.0,1850,20.0,67
26.0,1850,20.0,67
27.0,1850,20.0,67
28.0,1850,20.0,67
29.0,1850,20.0,67
3.0,1211,1h,67
19.0,1211,1h,67
27.0,1211,1h,67
29.0,1211,1h,67
47.0,1211,1h,67
0i,1211,1h,67
19.0,1576,29.0,67
41.0,1854,40.0,67
42.0,1854,40.0,67
43.0,1854,40.0,67
44.0,1854,40.0,67
45.0,1854,40.0,67
46.0,1854,40.0,67
47.0,1854,40.0,67
48.0,1854,40.0,67
49.0,1854,40.0,67
9.0,1856,19.0,67
39.0,1862,49.0,67
31.0,1868,30.0,68
32.0,1868,30.0,68
33.0,1868,30.0,68
34.0,1868,30.0,68
35.0,1868,30.0,68
36.0,1868,30.0,68
37.0,1868,30.0,68
38.0,1868,30.0,68
39.0,1868,30.0,68
29.0,1872,39.0,68
11.0,1877,10.0,68
12.0,1877,10.0,68
13.0,1877,10.0,68
14.0,1877,10.0,68
15.0,1877,10.0,68
16.0,1877,10.0,68
17.0,1877,10.0,68
18.0,1877,10.0,68
19.0,1877,10.0,68
19.0,1885,29.0,68
11.0,1484,10.0,68
12.0,1484,10.0,68
13.0,1484,10.0,68
14.0,1484,10.0,68
15.0,1484,10.0,68
16.0,1484,10.0,68
17.0,1484,10.0,68
18.0,1484,10.0,68
19.0,1484,10.0,68
21.0,1887,20.0,68
22.0,1887,20.0,68
23.0,1887,20.0,68
24.0,1887,20.0,68
25.0,1887,20.0,68
26.0,1887,20.0,68
27.0,1887,20.0,68
28.0,1887,20.0,68
29.0,1887,20.0,68
29.0,1661,39.0,68
41.0,1890,40.0,68
42.0,1890,40.0,68
43.0,1890,40.0,68
44.0,1890,40.0,68
45.0,1890,40.0,68
46.0,1890,40.0,68
47.0,1890,40.0,68
48.0,1890,40.0,68
49.0,1890,40.0,68
29.0,1898,39.0,69
3.0,1537,1h,69
19.0,1537,1h,69
27.0,1537,1h,69
29.0,1537,1h,69
47.0,1537,1h,69
0i,1537,1h,69
11.0,1838,10.0,69
12.0,1838,10.0,69
13.0,1838,10.0,69
14.0,1838,10.0,69
15.0,1838,10.0,69
16.0,1838,10.0,69
17.0,1838,10.0,69
18.0,1838,10.0,69
19.0,1838,10.0,69
21.0,1908,20.0,69
22.0,1908,20.0,69
23.0,1908,20.0,69
24.0,1908,20.0,69
25.0,1908,20.0,69
26.0,1908,20.0,69
27.0,1908,20.0,69
28.0,1908,20.0,69
29.0,1908,20.0,69
19.0,1537,29.0,69
19.0,1523,29.0,69
1.0,1914,0.0,69
2.0,1914,0.0,69
3.0,1914,0.0,69
4.0,1914,0.0,69
5.0,1914,0.0,69
6.0,1914,0.0,69
7.0,1914,0.0,69
8.0,1914,0.0,69
9.0,1914,0.0,69
19.0,1785,29.0,70
29.0,1585,39.0,70
6.0,1922,0i,70
10.0,1922,0i,70
19.0,1922,0i,70
21.0,1922,0i,70
22.0,1922,0i,70
27.0,1922,0i,70
35.0,1922,0i,70
44.0,1922,0i,70
47.0,1922,0i,70
1h,1922,0i,70
11.0,1745,10.0,70
12.0,1745,10.0,70
13.0,1745,10.0,70
14.0,1745,10.0,70
15.0,1745,10.0,70
16.0,1745,10.0,70
17.0,1745,10.0,70
18.0,1745,10.0,70
19.0,1745,10.0,70
6.0,1926,0i,70
10.0,1926,0i,70
19.0,1926,0i,70
21.0,1926,0i,70
22.0,1926,0i,70
27.0,1926,0i,70
35.0,1926,0i,70
44.0,1926,0i,70
47.0,1926,0i,70
1h,1926,0i,70
11.0,1927,10.0,70
12.0,1927,10.0,70
13.0,1927,10.0,70
14.0,1927,10.0,70
15.0,1927,10.0,70
16.0,1927,10.0,70
17.0,1927,10.0,70
18.0,1927,10.0,70
19.0,1927,10.0,70
3.0,1211,1h,70
19.0,1211,1h,70
27.0,1211,1h,70
29.0,1211,1h,70
47.0,1211,1h,70
0i,1211,1h,70
11.0,1932,10.0,70
12.0,1932,10.0,70
13.0,1932,10.0,70
14.0,1932,10.0,70
15.0,1932,10.0,70
16.0,1932,10.0,70
17.0,1932,10.0,70
18.0,1932,10.0,70
19.0,1932,10.0,70
9.0,1946,19.0,70
21.0,1948,20.0,71
22.0,1948,20.0,71
23.0,1948,20.0,71
24.0,1948,20.0,71
25.0,1948,20.0,71
26.0,1948,20.0,71
27.0,1948,20.0,71
28.0,1948,20.0,71
29.0,1948,20.0,71
41.0,1949,40.0,71
42.0,1949,40.0,71
43.0,1949,40.0,71
44.0,1949,40.0,71
45.0,1949,40.0,71
46.0,1949,40.0,71
47.0,1949,40.0,71
48.0,1949,40.0,71
49.0,1949,40.0,71
1.0,1953,0.0,71
2.0,1953,0.0,71
3.0,1953,0.0,71
4.0,1953,0.0,71
5.0,1953,0.0,71
6.0,1953,0.0,71
7.0,1953,0.0,71
8.0,1953,0.0,71
9.0,1953,0.0,71
6.0,293,0i,71
10.0,293,0i,71
19.0,293,0i,71
21.0,293,0i,71
22.0,293,0i,71
27.0,293,0i,71
35.0,293,0i,71
44.0,293,0i,71
47.0,293,0i,71
1h,293,0i,71
19.0,1956,29.0,71
9.0,1537,19.0,71
9.0,1523,19.0,71
31.0,1960,30.0,71
32.0,1960,30.0,71
33.0,1960,30.0,71
34.0,1960,30.0,71
35.0,1960,30.0,71
36.0,1960,30.0,71
37.0,1960,30.0,71
38.0,1960,30.0,71
39.0,1960,30.0,71
29.0,1684,39.0,71
41.0,1963,40.0,71
42.0,1963,40.0,71
43.0,1963,40.0,71
44.0,1963,40.0,71
45.0,1963,40.0,71
46.0,1963,40.0,71
47.0,1963,40.0,71
48.0,1963,40.0,71
49.0,1963,40.0,71
31.0,1969,30.0,71
32.0,1969,30.0,71
33.0,1969,30.0,71
34.0,1969,30.0,71
35.0,1969,30.0,71
36.0,1969,30.0,71
37.0,1969,30.0,71
38.0,1969,30.0,71
39.0,1969,30.0,71
11.0,1745,10.0,72
12.0,1745,10.0,72
13.0,1745,10.0,72
14.0,1745,10.0,72
15.0,1745,10.0,72
16.0,1745,10.0,72
17.0,1745,10.0,72
18.0,1745,10.0,72
19.0,1745,10.0,72
31.0,1980,30.0,72
32.0,1980,30.0,72
33.0,1980,30.0,72
34.0,1980,30.0,72
35.0,1980,30.0,72
36.0,1980,30.0,72
37.0,1980,30.0,72
38.0,1980,30.0,72
39.0,1980,30.0,72
11.0,1983,10.0,72
12.0,1983,10.0,72
13.0,1983,10.0,72
14.0,1983,10.0,72
15.0,1983,10.0,72
16.0,1983,10.0,72
17.0,1983,10.0,72
18.0,1983,10.0,72
19.0,1983,10.0,72
11.0,1984,10.0,72
12.0,1984,10.0,72
13.0,1984,10.0,72
14.0,1984,10.0,72
15.0,1984,10.0,72
16.0,1984,10.0,72
17.0,1984,10.0,72
18.0,1984,10.0,72
19.0,1984,10.0,72
11.0,1745,10.0,72
12.0,1745,10.0,72
13.0,1745,10.0,72
14.0,1745,10.0,72
15.0,1745,10.0,72
16.0,1745,10.0,72
17.0,1745,10.0,72
18.0,1745,10.0,72
19.0,1745,10.0,72
3.0,1990,1h,72
19.0,1990,1h,72
27.0,1990,1h,72
29.0,1990,1h,72
47.0,1990,1h,72
0i,1990,1h,72
1.0,1994,0.0,72
2.0,1994,0.0,72
3.0,1994,0.0,72
4.0,1994,0.0,72
5.0,1994,0.0,72
6.0,1994,0.0,72
7.0,1994,0.0,72
8.0,1994,0.0,72
9.0,1994,0.0,72
21.0,1998,20.0,72
22.0,1998,20.0,72
23.0,1998,20.0,72
24.0,1998,20.0,72
25.0,1998,20.0,72
26.0,1998,20.0,72
27.0,1998,20.0,72
28.0,1998,20.0,72
29.0,1998,20.0,72
3.0,2001,1h,72
19.0,2001,1h,72
27.0,2001,1h,72
29.0,2001,1h,72
47.0,2001,1h,72
0i,2001,1h,72
29.0,1820,39.0,72
19.0,1998,29.0,73
6.0,2001,0i,73
10.0,2001,0i,73
19.0,2001,0i,73
21.0,2001,0i,73
22.0,2001,0i,73
27.0,2001,0i,73
35.0,2001,0i,73
44.0,2001,0i,73
47.0,2001,0i,73
1h,2001,0i,73
41.0,2012,40.0,73
42.0,2012,40.0,73
43.0,2012,40.0,73
44.0,2012,40.0,73
45.0,2012,40.0,73
46.0,2012,40.0,73
47.0,2012,40.0,73
48.0,2012,40.0,73
49.0,2012,40.0,73
1.0,2013,0.0,73
2.0,2013,0.0,73
3.0,2013,0.0,73
4.0,2013,0.0,73
5.0,2013,0.0,73
6.0,2013,0.0,73
7.0,2013,0.0,73
8.0,2013,0.0,73
9.0,2013,0.0,73
1.0,2016,0.0,73
2.0,2016,0.0,73
3.0,2016,0.0,73
4.0,2016,0.0,73
5.0,2016,0.0,73
6.0,2016,0.0,73
7.0,2016,0.0,73
8.0,2016,0.0,73
9.0,2016,0.0,73
3.0,2017,1h,73
19.0,2017,1h,73
27.0,2017,1h,73
29.0,2017,1h,73
47.0,2017,1h,73
0i,2017,1h,73
39.0,1807,49.0,73
39.0,2025,49.0,73
41.0,2027,40.0,73
42.0,2027,40.0,73
43.0,2027,40.0,73
44.0,2027,40.0,73
45.0,2027,40.0,73
46.0,2027,40.0,73
47.0,2027,40.0,73
48.0,2027,40.0,73
49.0,2027,40.0,73
29.0,2028,39.0,73
1.0,2030,0.0,73
2.0,2030,0.0,73
3.0,2030,0.0,73
4.0,2030,0.0,73
5.0,2030,0.0,73
6.0,2030,0.0,73
7.0,2030,0.0,73
8.0,2030,0.0,73
9.0,2030,0.0,73
21.0,2036,20.0,74
22.0,2036,20.0,74
23.0,2036,20.0,74
24.0,2036,20.0,74
25.0,2036,20.0,74
26.0,2036,20.0,74
27.0,2036,20.0,74
28.0,2036,20.0,74
29.0,2036,20.0,74
1.0,2043,0.0,74
2.0,2043,0.0,74
3.0,2043,0.0,74
4.0,2043,0.0,74
5.0,2043,0.0,74
6.0,2043,0.0,74
7.0,2043,0.0,74
8.0,2043,0.0,74
9.0,2043,0.0,74
41.0,2050,40.0,74
42.0,2050,40.0,74
43.0,2050,40.0,74
44.0,2050,40.0,74
45.0,2050,40.0,74
46.0,2050,40.0,74
47.0,2050,40.0,74
48.0,2050,40.0,74
49.0,2050,40.0,74
41.0,2051,40.0,74
42.0,2051,40.0,74
43.0,2051,40.0,74
44.0,2051,40.0,74
45.0,2051,40.0,74
46.0,2051,40.0,74
47.0,2051,40.0,74
48.0,2051,40.0,74
49.0,2051,40.0,74
3.0,2053,1h,74
19.0,2053,1h,74
27.0,2053,1h,74
29.0,2053,1h,74
47.0,2053,1h,74
0i,2053,1h,74
11.0,293,10.0,74
12.0,293,10.0,74
13.0,293,10.0,74
14.0,293,10.0,74
15.0,293,10.0,74
16.0,293,10.0,74
17.0,293,10.0,74
18.0,293,10.0,74
19.0,293,10.0,74
6.0,2057,0i,74
10.0,2057,0i,74
19.0,2057,0i,74
21.0,2057,0i,74
22.0,2057,0i,74
27.0,2057,0i,74
35.0,2057,0i,74
44.0,2057,0i,74
47.0,2057,0i,74
1h,2057,0i,74
31.0,2061,30.0,74
32.0,2061,30.0,74
33.0,2061,30.0,74
34.0,2061,30.0,74
35.0,2061,30.0,74
36.0,2061,30.0,74
37.0,2061,30.0,74
38.0,2061,30.0,74
39.0,2061,30.0,74
29.0,2063,39.0,74
6.0,2053,0i,74
10.0,2053,0i,74
19.0,2053,0i,74
21.0,2053,0i,74
22.0,2053,0i,74
27.0,2053,0i,74
35.0,2053,0i,74
44.0,2053,0i,74
47.0,2053,0i,74
1h,2053,0i,74
6.0,1211,0i,74
10.0,1211,0i,74
19.0,1211,0i,74
21.0,1211,0i,74
22.0,1211,0i,74
27.0,1211,0i,74
35.0,1211,0i,74
44.0,1211,0i,74
47.0,1211,0i,74
1h,1211,0i,74
19.0,2065,29.0,75
31.0,2066,30.0,75
32.0,2066,30.0,75
33.0,2066,30.0,75
34.0,2066,30.0,75
35.0,2066,30.0,75
36.0,2066,30.0,75
37.0,2066,30.0,75
38.0,2066,30.0,75
39.0,2066,30.0,75
41.0,2067,40.0,75
42.0,2067,40.0,75
43.0,2067,40.0,75
44.0,2067,40.0,75
45.0,2067,40.0,75
46.0,2067,40.0,75
47.0,2067,40.0,75
48.0,2067,40.0,75
49.0,2067,40.0,75
19.0,2068,29.0,75
39.0,2069,49.0,75
31.0,2071,30.0,75
32.0,2071,30.0,75
33.0,2071,30.0,75
34.0,2071,30.0,75
35.0,2071,30.0,75
36.0,2071,30.0,75
37.0,2071,30.0,75
38.0,2071,30.0,75
39.0,2071,30.0,75
6.0,2075,0i,75
10.0,2075,0i,75
19.0,2075,0i,75
21.0,2075,0i,75
22.0,2075,0i,75
27.0,2075,0i,75
35.0,2075,0i,75
44.0,2075,0i,75
47.0,2075,0i,75
1h,2075,0i,75
19.0,1990,29.0,75
11.0,1211,10.0,75
12.0,1211,10.0,75
13.0,1211,10.0,75
14.0,1211,10.0,75
15.0,1211,10.0,75
16.0,1211,10.0,75
17.0,1211,10.0,75
18.0,1211,10.0,75
19.0,1211,10.0,75
11.0,2085,10.0,75
12.0,2085,10.0,75
13.0,2085,10.0,75
14.0,2085,10.0,75
15.0,2085,10.0,75
16.0,2085,10.0,75
17.0,2085,10.0,75
18.0,2085,10.0,75
19.0,2085,10.0,75
19.0,2036,29.0,75
29.0,1980,39.0,75
29.0,1785,39.0,76
39.0,2012,49.0,76
41.0,2100,40.0,76
42.0,2100,40.0,76
43.0,2100,40.0,76
44.0,2100,40.0,76
45.0,2100,40.0,76
46.0,2100,40.0,76
47.0,2100,40.0,76
48.0,2100,40.0,76
49.0,2100,40.0,76
41.0,2102,40.0,76
42.0,2102,40.0,76
43.0,2102,40.0,76
44.0,2102,40.0,76
45.0,2102,40.0,76
46.0,2102,40.0,76
47.0,2102,40.0,76
48.0,2102,40.0,76
49.0,2102,40.0,76
29.0,2061,39.0,76
39.0,2103,49.0,76
11.0,1838,10.0,76
12.0,1838,10.0,76
13.0,1838,10.0,76
14.0,1838,10.0,76
15.0,1838,10.0,76
16.0,1838,10.0,76
17.0,1838,10.0,76
18.0,1838,10.0,76
19.0,1838,10.0,76
6.0,2107,0i,76
10.0,2107,0i,76
19.0,2107,0i,76
21.0,2107,0i,76
22.0,2107,0i,76
27.0,2107,0i,76
35.0,2107,0i,76
44.0,2107,0i,76
47.0,2107,0i,76
1h,2107,0i,76
39.0,1854,49.0,76
29.0,1980,39.0,76
11.0,2118,10.0,77
12.0,2118,10.0,77
13.0,2118,10.0,77
14.0,2118,10.0,77
15.0,2118,10.0,77
16.0,2118,10.0,77
17.0,2118,10.0,77
18.0,2118,10.0,77
19.0,2118,10.0,77
41.0,2119,40.0,77
42.0,2119,40.0,77
43.0,2119,40.0,77
44.0,2119,40.0,77
45.0,2119,40.0,77
46.0,2119,40.0,77
47.0,2119,40.0,77
48.0,2119,40.0,77
49.0,2119,40.0,77
6.0,2121,0i,77
10.0,2121,0i,77
19.0,2121,0i,77
21.0,2121,0i,77
22.0,2121,0i,77
27.0,2121,0i,77
35.0,2121,0i,77
44.0,2121,0i,77
47.0,2121,0i,77
1h,2121,0i,77
41.0,2124,40.0,77
42.0,2124,40.0,77
43.0,2124,40.0,77
44.0,2124,40.0,77
45.0,2124,40.0,77
46.0,2124,40.0,77
47.0,2124,40.0,77
48.0,2124,40.0,77
49.0,2124,40.0,77
11.0,2129,10.0,77
12.0,2129,10.0,77
13.0,2129,10.0,77
14.0,2129,10.0,77
15.0,2129,10.0,77
16.0,2129,10.0,77
17.0,2129,10.0,77
18.0,2129,10.0,77
19.0,2129,10.0,77
31.0,2131,30.0,77
32.0,2131,30.0,77
33.0,2131,30.0,77
34.0,2131,30.0,77
35.0,2131,30.0,77
36.0,2131,30.0,77
37.0,2131,30.0,77
38.0,2131,30.0,77
39.0,2131,30.0,77
29.0,2132,39.0,77
19.0,2053,29.0,77
9.0,2075,19.0,77
9.0,2036,19.0,77
11.0,2137,10.0,77
12.0,2137,10.0,77
13.0,2137,10.0,77
14.0,2137,10.0,77
15.0,2137,10.0,77
16.0,2137,10.0,77
17.0,2137,10.0,77
18.0,2137,10.0,77
19.0,2137,10.0,77
39.0,2141,49.0,77
6.0,1523,0i,77
10.0,1523,0i,77
19.0,1523,0i,77
21.0,1523,0i,77
22.0,1523,0i,77
27.0,1523,0i,77
35.0,1523,0i,77
44.0,1523,0i,77
47.0,1523,0i,77
1h,1523,0i,77
19.0,2063,29.0,77
6.0,1424,0i,78
10.0,1424,0i,78
19.0,1424,0i,78
21.0,1424,0i,78
22.0,1424,0i,78
27.0,1424,0i,78
35.0,1424,0i,78
44.0,1424,0i,78
47.0,1424,0i,78
1h,1424,0i,78
6.0,2149,0i,78
10.0,2149,0i,78
19.0,2149,0i,78
21.0,2149,0i,78
22.0,2149,0i,78
27.0,2149,0i,78
35.0,2149,0i,78
44.0,2149,0i,78
47.0,2149,0i,78
1h,2149,0i,78
41.0,2150,40.0,78
42.0,2150,40.0,78
43.0,2150,40.0,78
44.0,2150,40.0,78
45.0,2150,40.0,78
46.0,2150,40.0,78
47.0,2150,40.0,78
48.0,2150,40.0,78
49.0,2150,40.0,78
3.0,2075,1h,78
19.0,2075,1h,78
27.0,2075,1h,78
29.0,2075,1h,78
47.0,2075,1h,78
0i,2075,1h,78
9.0,2152,19.0,78
39.0,2102,49.0,78
29.0,2156,39.0,78
3.0,2159,1h,78
19.0,2159,1h,78
27.0,2159,1h,78
29.0,2159,1h,78
47.0,2159,1h,78
0i,2159,1h,78
19.0,2160,29.0,78
39.0,2161,49.0,78
29.0,2169,39.0,78
21.0,2173,20.0,79
22.0,2173,20.0,79
23.0,2173,20.0,79
24.0,2173,20.0,79
25.0,2173,20.0,79
26.0,2173,20.0,79
27.0,2173,20.0,79
28.0,2173,20.0,79
29.0,2173,20.0,79
3.0,293,1h,79
19.0,293,1h,79
27.0,293,1h,79
29.0,293,1h,79
47.0,293,1h,79
0i,293,1h,79
31.0,2183,30.0,79
32.0,2183,30.0,79
33.0,2183,30.0,79
34.0,2183,30.0,79
35.0,2183,30.0,79
36.0,2183,30.0,79
37.0,2183,30.0,79
38.0,2183,30.0,79
39.0,2183,30.0,79
39.0,2124,49.0,79
31.0,2186,30.0,79
32.0,2186,30.0,79
33.0,2186,30.0,79
34.0,2186,30.0,79
35.0,2186,30.0,79
36.0,2186,30.0,79
37.0,2186,30.0,79
38.0,2186,30.0,79
39.0,2186,30.0,79
6.0,2189,0i,79
10.0,2189,0i,79
19.0,2189,0i,79
21.0,2189,0i,79
22.0,2189,0i,79
27.0,2189,0i,79
35.0,2189,0i,79
44.0,2189,0i,79
47.0,2189,0i,79
1h,2189,0i,79
21.0,2194,20.0,79
22.0,2194,20.0,79
23.0,2194,20.0,79
24.0,2194,20.0,79
25.0,2194,20.0,79
26.0,2194,20.0,79
27.0,2194,20.0,79
28.0,2194,20.0,79
29.0,2194,20.0,79
39.0,2195,49.0,79
19.0,1980,29.0,79
3.0,2197,1h,79
19.0,2197,1h,79
27.0,2197,1h,79
29.0,2197,1h,79
47.0,2197,1h,79
0i,2197,1h,79
41.0,2198,40.0,79
42.0,2198,40.0,79
43.0,2198,40.0,79
44.0,2198,40.0,79
45.0,2198,40.0,79
46.0,2198,40.0,79
47.0,2198,40.0,79
48.0,2198,40.0,79
49.0,2198,40.0,79
39.0,1949,49.0,79
31.0,2203,30.0,79
32.0,2203,30.0,79
33.0,2203,30.0,79
34.0,2203,30.0,79
35.0,2203,30.0,79
36.0,2203,30.0,79
37.0,2203,30.0,79
38.0,2203,30.0,79
39.0,2203,30.0,79
11.0,2204,10.0,80
12.0,2204,10.0,80
13.0,2204,10.0,80
14.0,2204,10.0,80
15.0,2204,10.0,80
16.0,2204,10.0,80
17.0,2204,10.0,80
18.0,2204,10.0,80
19.0,2204,10.0,80
29.0,2102,39.0,80
3.0,2209,1h,80
19.0,2209,1h,80
27.0,2209,1h,80
29.0,2209,1h,80
47.0,2209,1h,80
0i,2209,1h,80
6.0,2075,0i,80
10.0,2075,0i,80
19.0,2075,0i,80
21.0,2075,0i,80
22.0,2075,0i,80
27.0,2075,0i,80
35.0,2075,0i,80
44.0,2075,0i,80
47.0,2075,0i,80
1h,2075,0i,80
9.0,2219,19.0,80
21.0,2223,20.0,80
22.0,2223,20.0,80
23.0,2223,20.0,80
24.0,2223,20.0,80
25.0,2223,20.0,80
26.0,2223,20.0,80
27.0,2223,20.0,80
28.0,2223,20.0,80
29.0,2223,20.0,80
39.0,1963,49.0,80
3.0,2107,1h,81
19.0,2107,1h,81
27.0,2107,1h,81
29.0,2107,1h,81
47.0,2107,1h,81
0i,2107,1h,81
29.0,2195,39.0,81
29.0,2195,39.0,81
39.0,2240,49.0,81
11.0,2245,10.0,81
12.0,2245,10.0,81
13.0,2245,10.0,81
14.0,2245,10.0,81
15.0,2245,10.0,81
16.0,2245,10.0,81
17.0,2245,10.0,81
18.0,2245,10.0,81
19.0,2245,10.0,81
39.0,1963,49.0,81
