message_id,timestep,source,target
15,1,40.0,41.0
8,1,0w,1.0
13,1,29.0,19.0
20,1,1k,6.0
8,1,0w,32.0
15,1,40.0,42.0
23,1,19.0,9.0
38,1,10.0,11.0
20,1,1k,7.0
15,1,40.0,43.0
43,1,30.0,31.0
26,1,20.0,21.0
38,1,10.0,12.0
32,1,39.0,29.0
26,1,20.0,22.0
20,1,1k,9.0
8,1,0w,42.0
15,1,40.0,44.0
26,1,20.0,23.0
47,1,49.0,39.0
20,1,1k,16.0
15,1,40.0,45.0
43,1,30.0,32.0
38,1,10.0,13.0
26,1,20.0,24.0
43,1,30.0,33.0
43,1,30.0,34.0
15,1,40.0,46.0
8,1,0w,1k
15,1,40.0,47.0
49,1,0.0,1.0
26,1,20.0,25.0
20,1,1k,17.0
43,1,30.0,35.0
38,1,10.0,14.0
15,1,40.0,48.0
26,1,20.0,26.0
20,1,1k,21.0
49,1,0.0,2.0
26,1,20.0,27.0
43,1,30.0,36.0
38,1,10.0,15.0
20,1,1k,30.0
26,1,20.0,28.0
15,1,40.0,49.0
43,1,30.0,37.0
49,1,0.0,3.0
20,1,1k,31.0
26,1,20.0,29.0
38,1,10.0,16.0
38,1,10.0,17.0
20,1,1k,0w
43,1,30.0,38.0
49,1,0.0,4.0
38,1,10.0,18.0
43,1,30.0,39.0
49,1,0.0,5.0
49,1,0.0,6.0
38,1,10.0,19.0
49,1,0.0,7.0
49,1,0.0,8.0
49,1,0.0,9.0
56,2,39.0,29.0
32,2,29.0,19.0
61,2,20.0,21.0
15,2,49.0,39.0
61,2,20.0,22.0
61,2,20.0,23.0
61,2,20.0,24.0
65,2,19.0,9.0
66,2,30.0,31.0
61,2,20.0,25.0
67,2,40.0,41.0
74,2,1k,6.0
61,2,20.0,26.0
20,2,0w,1.0
67,2,40.0,42.0
66,2,30.0,32.0
75,2,0.0,1.0
66,2,30.0,33.0
74,2,1k,7.0
67,2,40.0,43.0
66,2,30.0,34.0
20,2,0w,32.0
76,2,10.0,11.0
75,2,0.0,2.0
74,2,1k,9.0
61,2,20.0,27.0
20,2,0w,42.0
66,2,30.0,35.0
74,2,1k,16.0
67,2,40.0,44.0
76,2,10.0,12.0
75,2,0.0,3.0
61,2,20.0,28.0
76,2,10.0,13.0
66,2,30.0,36.0
20,2,0w,1k
66,2,30.0,37.0
75,2,0.0,4.0
61,2,20.0,29.0
66,2,30.0,38.0
75,2,0.0,5.0
76,2,10.0,14.0
67,2,40.0,45.0
74,2,1k,17.0
75,2,0.0,6.0
74,2,1k,21.0
76,2,10.0,15.0
66,2,30.0,39.0
67,2,40.0,46.0
74,2,1k,30.0
75,2,0.0,7.0
76,2,10.0,16.0
67,2,40.0,47.0
74,2,1k,31.0
75,2,0.0,8.0
76,2,10.0,17.0
67,2,40.0,48.0
75,2,0.0,9.0
74,2,1k,0w
67,2,40.0,49.0
76,2,10.0,18.0
76,2,10.0,19.0
74,3,30.0,31.0
87,3,29.0,19.0
90,3,39.0,29.0
74,3,30.0,32.0
93,3,1k,6.0
86,3,49.0,39.0
98,3,10.0,11.0
93,3,1k,7.0
74,3,30.0,33.0
92,3,19.0,9.0
93,3,1k,9.0
98,3,10.0,12.0
104,3,0w,1.0
100,3,20.0,21.0
74,3,30.0,34.0
93,3,1k,16.0
104,3,0w,32.0
106,3,0.0,1.0
74,3,30.0,35.0
100,3,20.0,22.0
98,3,10.0,13.0
104,3,0w,42.0
93,3,1k,17.0
98,3,10.0,14.0
100,3,20.0,23.0
74,3,30.0,36.0
107,3,40.0,41.0
98,3,10.0,15.0
93,3,1k,21.0
106,3,0.0,2.0
74,3,30.0,37.0
104,3,0w,1k
107,3,40.0,42.0
98,3,10.0,16.0
100,3,20.0,24.0
107,3,40.0,43.0
107,3,40.0,44.0
107,3,40.0,45.0
107,3,40.0,46.0
100,3,20.0,25.0
98,3,10.0,17.0
100,3,20.0,26.0
74,3,30.0,38.0
100,3,20.0,27.0
107,3,40.0,47.0
98,3,10.0,18.0
106,3,0.0,3.0
98,3,10.0,19.0
100,3,20.0,28.0
93,3,1k,30.0
106,3,0.0,4.0
107,3,40.0,48.0
93,3,1k,31.0
74,3,30.0,39.0
106,3,0.0,5.0
100,3,20.0,29.0
106,3,0.0,6.0
107,3,40.0,49.0
106,3,0.0,7.0
93,3,1k,0w
106,3,0.0,8.0
106,3,0.0,9.0
111,4,19.0,9.0
93,4,30.0,31.0
115,4,0.0,1.0
122,4,39.0,29.0
123,4,10.0,11.0
118,4,40.0,41.0
125,4,20.0,21.0
115,4,0.0,2.0
93,4,30.0,32.0
93,4,30.0,33.0
125,4,20.0,22.0
123,4,10.0,12.0
115,4,0.0,3.0
32,4,29.0,19.0
128,4,1k,6.0
125,4,20.0,23.0
93,4,30.0,34.0
123,4,10.0,13.0
125,4,20.0,24.0
118,4,40.0,42.0
93,4,30.0,35.0
125,4,20.0,25.0
115,4,0.0,4.0
128,4,1k,7.0
123,4,10.0,14.0
93,4,30.0,36.0
118,4,40.0,43.0
125,4,20.0,26.0
128,4,1k,9.0
93,4,30.0,37.0
115,4,0.0,5.0
93,4,30.0,38.0
123,4,10.0,15.0
118,4,40.0,44.0
125,4,20.0,27.0
115,4,0.0,6.0
123,4,10.0,16.0
125,4,20.0,28.0
128,4,1k,16.0
118,4,40.0,45.0
93,4,30.0,39.0
123,4,10.0,17.0
115,4,0.0,7.0
123,4,10.0,18.0
123,4,10.0,19.0
131,4,49.0,39.0
125,4,20.0,29.0
132,4,0w,1.0
128,4,1k,17.0
118,4,40.0,46.0
128,4,1k,21.0
115,4,0.0,8.0
118,4,40.0,47.0
132,4,0w,32.0
128,4,1k,30.0
132,4,0w,42.0
115,4,0.0,9.0
118,4,40.0,48.0
132,4,0w,1k
128,4,1k,31.0
118,4,40.0,49.0
128,4,1k,0w
142,5,49.0,39.0
145,5,10.0,11.0
128,5,0w,1.0
146,5,0.0,1.0
143,5,20.0,21.0
74,5,30.0,31.0
143,5,20.0,22.0
146,5,0.0,2.0
100,5,29.0,19.0
74,5,30.0,32.0
145,5,10.0,12.0
146,5,0.0,3.0
143,5,20.0,23.0
128,5,0w,32.0
146,5,0.0,4.0
145,5,10.0,13.0
143,5,20.0,24.0
128,5,0w,42.0
158,5,40.0,41.0
74,5,30.0,33.0
160,5,39.0,29.0
143,5,20.0,25.0
146,5,0.0,5.0
74,5,30.0,34.0
145,5,10.0,14.0
158,5,40.0,42.0
146,5,0.0,6.0
143,5,20.0,26.0
128,5,0w,1k
13,5,19.0,9.0
146,5,0.0,7.0
145,5,10.0,15.0
158,5,40.0,43.0
74,5,30.0,35.0
20,5,1k,6.0
145,5,10.0,16.0
143,5,20.0,27.0
74,5,30.0,36.0
145,5,10.0,17.0
146,5,0.0,8.0
158,5,40.0,44.0
143,5,20.0,28.0
74,5,30.0,37.0
145,5,10.0,18.0
143,5,20.0,29.0
145,5,10.0,19.0
146,5,0.0,9.0
20,5,1k,7.0
158,5,40.0,45.0
74,5,30.0,38.0
158,5,40.0,46.0
20,5,1k,9.0
74,5,30.0,39.0
158,5,40.0,47.0
20,5,1k,16.0
158,5,40.0,48.0
20,5,1k,17.0
158,5,40.0,49.0
20,5,1k,21.0
20,5,1k,30.0
20,5,1k,31.0
20,5,1k,0w
15,6,49.0,39.0
20,6,30.0,31.0
172,6,0.0,1.0
20,6,30.0,32.0
172,6,0.0,2.0
20,6,30.0,33.0
181,6,20.0,21.0
183,6,39.0,29.0
181,6,20.0,22.0
74,6,0w,1.0
184,6,1k,6.0
20,6,30.0,34.0
172,6,0.0,3.0
187,6,19.0,9.0
74,6,0w,32.0
190,6,40.0,41.0
20,6,30.0,35.0
184,6,1k,7.0
181,6,20.0,23.0
74,6,0w,42.0
172,6,0.0,4.0
20,6,30.0,36.0
184,6,1k,9.0
190,6,40.0,42.0
74,6,0w,1k
194,6,10.0,11.0
20,6,30.0,37.0
181,6,20.0,24.0
184,6,1k,16.0
172,6,0.0,5.0
190,6,40.0,43.0
32,6,29.0,19.0
184,6,1k,17.0
20,6,30.0,38.0
194,6,10.0,12.0
181,6,20.0,25.0
184,6,1k,21.0
194,6,10.0,13.0
172,6,0.0,6.0
20,6,30.0,39.0
184,6,1k,30.0
194,6,10.0,14.0
190,6,40.0,44.0
172,6,0.0,7.0
181,6,20.0,26.0
172,6,0.0,8.0
184,6,1k,31.0
190,6,40.0,45.0
181,6,20.0,27.0
194,6,10.0,15.0
172,6,0.0,9.0
184,6,1k,0w
190,6,40.0,46.0
181,6,20.0,28.0
194,6,10.0,16.0
190,6,40.0,47.0
194,6,10.0,17.0
181,6,20.0,29.0
194,6,10.0,18.0
190,6,40.0,48.0
190,6,40.0,49.0
194,6,10.0,19.0
93,7,30.0,31.0
198,7,20.0,21.0
198,7,20.0,22.0
93,7,30.0,32.0
202,7,10.0,11.0
198,7,20.0,23.0
203,7,1k,6.0
204,7,19.0,9.0
93,7,30.0,33.0
202,7,10.0,12.0
198,7,20.0,24.0
203,7,1k,7.0
211,7,0.0,1.0
203,7,1k,9.0
202,7,10.0,13.0
198,7,20.0,25.0
93,7,30.0,34.0
203,7,1k,16.0
211,7,0.0,2.0
198,7,20.0,26.0
202,7,10.0,14.0
211,7,0.0,3.0
93,7,30.0,35.0
203,7,1k,17.0
20,7,0w,1.0
203,7,1k,21.0
216,7,40.0,41.0
93,7,30.0,36.0
198,7,20.0,27.0
211,7,0.0,4.0
20,7,0w,32.0
202,7,10.0,15.0
93,7,30.0,37.0
20,7,0w,42.0
216,7,40.0,42.0
211,7,0.0,5.0
203,7,1k,30.0
198,7,20.0,28.0
202,7,10.0,16.0
20,7,0w,1k
93,7,30.0,38.0
211,7,0.0,6.0
198,7,20.0,29.0
216,7,40.0,43.0
202,7,10.0,17.0
203,7,1k,31.0
211,7,0.0,7.0
219,7,49.0,39.0
93,7,39.0,29.0
202,7,10.0,18.0
93,7,30.0,39.0
90,7,29.0,19.0
211,7,0.0,8.0
202,7,10.0,19.0
216,7,40.0,44.0
211,7,0.0,9.0
203,7,1k,0w
216,7,40.0,45.0
216,7,40.0,46.0
216,7,40.0,47.0
216,7,40.0,48.0
216,7,40.0,49.0
93,8,39.0,29.0
224,8,10.0,11.0
224,8,10.0,12.0
20,8,1k,6.0
233,8,0.0,1.0
160,8,29.0,19.0
228,8,40.0,41.0
20,8,1k,7.0
224,8,10.0,13.0
32,8,19.0,9.0
233,8,0.0,2.0
20,8,1k,9.0
228,8,40.0,42.0
231,8,49.0,39.0
224,8,10.0,14.0
233,8,0.0,3.0
228,8,40.0,43.0
239,8,0w,1.0
233,8,0.0,4.0
20,8,1k,16.0
228,8,40.0,44.0
20,8,1k,17.0
20,8,1k,21.0
20,8,1k,30.0
20,8,1k,31.0
245,8,20.0,21.0
245,8,20.0,22.0
245,8,20.0,23.0
245,8,20.0,24.0
245,8,20.0,25.0
245,8,20.0,26.0
245,8,20.0,27.0
245,8,20.0,28.0
245,8,20.0,29.0
239,8,0w,32.0
239,8,0w,42.0
239,8,0w,1k
224,8,10.0,15.0
224,8,10.0,16.0
224,8,10.0,17.0
224,8,10.0,18.0
243,8,30.0,31.0
243,8,30.0,32.0
243,8,30.0,33.0
243,8,30.0,34.0
243,8,30.0,35.0
243,8,30.0,36.0
243,8,30.0,37.0
243,8,30.0,38.0
243,8,30.0,39.0
224,8,10.0,19.0
233,8,0.0,5.0
20,8,1k,0w
233,8,0.0,6.0
233,8,0.0,7.0
233,8,0.0,8.0
233,8,0.0,9.0
228,8,40.0,45.0
228,8,40.0,46.0
228,8,40.0,47.0
228,8,40.0,48.0
228,8,40.0,49.0
247,9,0w,1.0
247,9,0w,32.0
248,9,40.0,41.0
248,9,40.0,42.0
248,9,40.0,43.0
248,9,40.0,44.0
248,9,40.0,45.0
248,9,40.0,46.0
248,9,40.0,47.0
248,9,40.0,48.0
248,9,40.0,49.0
251,9,10.0,11.0
251,9,10.0,12.0
251,9,10.0,13.0
251,9,10.0,14.0
251,9,10.0,15.0
251,9,10.0,16.0
251,9,10.0,17.0
251,9,10.0,18.0
251,9,10.0,19.0
247,9,0w,42.0
247,9,0w,1k
253,9,29.0,19.0
257,9,20.0,21.0
257,9,20.0,22.0
257,9,20.0,23.0
257,9,20.0,24.0
257,9,20.0,25.0
257,9,20.0,26.0
257,9,20.0,27.0
257,9,20.0,28.0
257,9,20.0,29.0
104,9,1k,6.0
267,9,19.0,9.0
104,9,1k,7.0
216,9,49.0,39.0
272,9,39.0,29.0
104,9,1k,9.0
277,9,0.0,1.0
282,9,30.0,31.0
277,9,0.0,2.0
282,9,30.0,32.0
104,9,1k,16.0
277,9,0.0,3.0
104,9,1k,17.0
282,9,30.0,33.0
277,9,0.0,4.0
104,9,1k,21.0
282,9,30.0,34.0
277,9,0.0,5.0
104,9,1k,30.0
277,9,0.0,6.0
282,9,30.0,35.0
104,9,1k,31.0
277,9,0.0,7.0
104,9,1k,0w
277,9,0.0,8.0
282,9,30.0,36.0
277,9,0.0,9.0
282,9,30.0,37.0
282,9,30.0,38.0
282,9,30.0,39.0
283,10,20.0,21.0
283,10,20.0,22.0
283,10,20.0,23.0
283,10,20.0,24.0
283,10,20.0,25.0
283,10,20.0,26.0
283,10,20.0,27.0
283,10,20.0,28.0
283,10,20.0,29.0
123,10,19.0,9.0
203,10,30.0,31.0
203,10,30.0,32.0
203,10,30.0,33.0
203,10,30.0,34.0
287,10,39.0,29.0
203,10,30.0,35.0
20,10,0w,1.0
291,10,0.0,1.0
203,10,30.0,36.0
20,10,0w,32.0
291,10,0.0,2.0
203,10,30.0,37.0
297,10,40.0,41.0
20,10,0w,42.0
228,10,49.0,39.0
297,10,40.0,42.0
203,10,30.0,38.0
302,10,10.0,11.0
20,10,1k,6.0
20,10,0w,1k
291,10,0.0,3.0
297,10,40.0,43.0
302,10,10.0,12.0
304,10,29.0,19.0
203,10,30.0,39.0
297,10,40.0,44.0
20,10,1k,7.0
291,10,0.0,4.0
302,10,10.0,13.0
297,10,40.0,45.0
20,10,1k,9.0
302,10,10.0,14.0
291,10,0.0,5.0
20,10,1k,16.0
291,10,0.0,6.0
302,10,10.0,15.0
297,10,40.0,46.0
20,10,1k,17.0
20,10,1k,21.0
302,10,10.0,16.0
297,10,40.0,47.0
291,10,0.0,7.0
302,10,10.0,17.0
291,10,0.0,8.0
20,10,1k,30.0
297,10,40.0,48.0
291,10,0.0,9.0
302,10,10.0,18.0
297,10,40.0,49.0
20,10,1k,31.0
302,10,10.0,19.0
20,10,1k,0w
309,11,0.0,1.0
309,11,0.0,2.0
314,11,40.0,41.0
239,11,1k,6.0
315,11,10.0,11.0
309,11,0.0,3.0
317,11,20.0,21.0
314,11,40.0,42.0
315,11,10.0,12.0
319,11,49.0,39.0
321,11,30.0,31.0
239,11,1k,7.0
315,11,10.0,13.0
314,11,40.0,43.0
317,11,20.0,22.0
309,11,0.0,4.0
239,11,1k,9.0
321,11,30.0,32.0
317,11,20.0,23.0
315,11,10.0,14.0
309,11,0.0,5.0
309,11,0.0,6.0
239,11,1k,16.0
315,11,10.0,15.0
317,11,20.0,24.0
314,11,40.0,44.0
325,11,19.0,9.0
321,11,30.0,33.0
315,11,10.0,16.0
239,11,1k,17.0
309,11,0.0,7.0
314,11,40.0,45.0
317,11,20.0,25.0
321,11,30.0,34.0
239,11,1k,21.0
315,11,10.0,17.0
321,11,30.0,35.0
317,11,20.0,26.0
315,11,10.0,18.0
239,11,1k,30.0
314,11,40.0,46.0
309,11,0.0,8.0
321,11,30.0,36.0
309,11,0.0,9.0
314,11,40.0,47.0
317,11,20.0,27.0
315,11,10.0,19.0
203,11,39.0,29.0
239,11,1k,31.0
317,11,20.0,28.0
326,11,0w,1.0
321,11,30.0,37.0
327,11,29.0,19.0
326,11,0w,32.0
317,11,20.0,29.0
314,11,40.0,48.0
321,11,30.0,38.0
314,11,40.0,49.0
239,11,1k,0w
321,11,30.0,39.0
326,11,0w,42.0
326,11,0w,1k
330,12,30.0,31.0
331,12,40.0,41.0
330,12,30.0,32.0
331,12,40.0,42.0
334,12,1k,6.0
330,12,30.0,33.0
334,12,1k,7.0
331,12,40.0,43.0
74,12,0w,1.0
339,12,39.0,29.0
331,12,40.0,44.0
74,12,0w,32.0
330,12,30.0,34.0
340,12,20.0,21.0
334,12,1k,9.0
340,12,20.0,22.0
330,12,30.0,35.0
74,12,0w,42.0
331,12,40.0,45.0
340,12,20.0,23.0
330,12,30.0,36.0
74,12,0w,1k
194,12,19.0,9.0
334,12,1k,16.0
340,12,20.0,24.0
349,12,29.0,19.0
351,12,10.0,11.0
334,12,1k,17.0
330,12,30.0,37.0
331,12,40.0,46.0
354,12,0.0,1.0
353,12,49.0,39.0
331,12,40.0,47.0
330,12,30.0,38.0
334,12,1k,21.0
351,12,10.0,12.0
331,12,40.0,48.0
354,12,0.0,2.0
340,12,20.0,25.0
330,12,30.0,39.0
331,12,40.0,49.0
351,12,10.0,13.0
340,12,20.0,26.0
354,12,0.0,3.0
354,12,0.0,4.0
334,12,1k,30.0
351,12,10.0,14.0
334,12,1k,31.0
354,12,0.0,5.0
340,12,20.0,27.0
354,12,0.0,6.0
351,12,10.0,15.0
340,12,20.0,28.0
351,12,10.0,16.0
334,12,1k,0w
340,12,20.0,29.0
354,12,0.0,7.0
351,12,10.0,17.0
351,12,10.0,18.0
354,12,0.0,8.0
351,12,10.0,19.0
354,12,0.0,9.0
20,13,39.0,29.0
361,13,0.0,1.0
93,13,0w,1.0
132,13,1k,6.0
361,13,0.0,2.0
365,13,30.0,31.0
132,13,1k,7.0
361,13,0.0,3.0
370,13,20.0,21.0
132,13,1k,9.0
361,13,0.0,4.0
93,13,0w,32.0
365,13,30.0,32.0
370,13,20.0,22.0
203,13,29.0,19.0
361,13,0.0,5.0
370,13,20.0,23.0
93,13,0w,42.0
132,13,1k,16.0
365,13,30.0,33.0
361,13,0.0,6.0
374,13,40.0,41.0
378,13,10.0,11.0
93,13,0w,1k
132,13,1k,17.0
378,13,10.0,12.0
361,13,0.0,7.0
370,13,20.0,24.0
370,13,20.0,25.0
132,13,1k,21.0
365,13,30.0,34.0
378,13,10.0,13.0
370,13,20.0,26.0
132,13,1k,30.0
361,13,0.0,8.0
378,13,10.0,14.0
361,13,0.0,9.0
378,13,10.0,15.0
365,13,30.0,35.0
132,13,1k,31.0
381,13,19.0,9.0
370,13,20.0,27.0
15,13,49.0,39.0
378,13,10.0,16.0
365,13,30.0,36.0
370,13,20.0,28.0
132,13,1k,0w
374,13,40.0,42.0
378,13,10.0,17.0
365,13,30.0,37.0
370,13,20.0,29.0
365,13,30.0,38.0
374,13,40.0,43.0
378,13,10.0,18.0
374,13,40.0,44.0
365,13,30.0,39.0
378,13,10.0,19.0
374,13,40.0,45.0
374,13,40.0,46.0
374,13,40.0,47.0
374,13,40.0,48.0
374,13,40.0,49.0
384,14,49.0,39.0
391,14,29.0,19.0
396,14,10.0,11.0
203,14,19.0,9.0
15,14,39.0,29.0
132,14,30.0,31.0
20,14,1k,6.0
408,14,0.0,1.0
396,14,10.0,12.0
132,14,30.0,32.0
409,14,40.0,41.0
20,14,1k,7.0
409,14,40.0,42.0
408,14,0.0,2.0
396,14,10.0,13.0
132,14,30.0,33.0
20,14,1k,9.0
409,14,40.0,43.0
410,14,20.0,21.0
239,14,0w,1.0
408,14,0.0,3.0
396,14,10.0,14.0
132,14,30.0,34.0
20,14,1k,16.0
409,14,40.0,44.0
410,14,20.0,22.0
409,14,40.0,45.0
396,14,10.0,15.0
132,14,30.0,35.0
20,14,1k,17.0
410,14,20.0,23.0
409,14,40.0,46.0
239,14,0w,32.0
408,14,0.0,4.0
396,14,10.0,16.0
20,14,1k,21.0
410,14,20.0,24.0
409,14,40.0,47.0
132,14,30.0,36.0
408,14,0.0,5.0
239,14,0w,42.0
396,14,10.0,17.0
239,14,0w,1k
408,14,0.0,6.0
20,14,1k,30.0
410,14,20.0,25.0
409,14,40.0,48.0
132,14,30.0,37.0
396,14,10.0,18.0
396,14,10.0,19.0
410,14,20.0,26.0
408,14,0.0,7.0
409,14,40.0,49.0
20,14,1k,31.0
132,14,30.0,38.0
410,14,20.0,27.0
20,14,1k,0w
408,14,0.0,8.0
132,14,30.0,39.0
408,14,0.0,9.0
410,14,20.0,28.0
410,14,20.0,29.0
416,15,20.0,21.0
420,15,1k,6.0
419,15,10.0,11.0
426,15,30.0,31.0
297,15,49.0,39.0
416,15,20.0,22.0
419,15,10.0,12.0
420,15,1k,7.0
435,15,40.0,41.0
433,15,0w,1.0
435,15,40.0,42.0
419,15,10.0,13.0
433,15,0w,32.0
426,15,30.0,32.0
416,15,20.0,23.0
420,15,1k,9.0
365,15,39.0,29.0
416,15,20.0,24.0
420,15,1k,16.0
419,15,10.0,14.0
433,15,0w,42.0
435,15,40.0,43.0
426,15,30.0,33.0
420,15,1k,17.0
433,15,0w,1k
420,15,1k,21.0
419,15,10.0,15.0
416,15,20.0,25.0
426,15,30.0,34.0
435,15,40.0,44.0
419,15,10.0,16.0
416,15,20.0,26.0
439,15,0.0,1.0
419,15,10.0,17.0
438,15,19.0,9.0
426,15,30.0,35.0
420,15,1k,30.0
416,15,20.0,27.0
435,15,40.0,45.0
439,15,0.0,2.0
419,15,10.0,18.0
426,15,30.0,36.0
420,15,1k,31.0
416,15,20.0,28.0
435,15,40.0,46.0
420,15,1k,0w
419,15,10.0,19.0
435,15,40.0,47.0
441,15,29.0,19.0
439,15,0.0,3.0
426,15,30.0,37.0
426,15,30.0,38.0
416,15,20.0,29.0
435,15,40.0,48.0
426,15,30.0,39.0
439,15,0.0,4.0
435,15,40.0,49.0
439,15,0.0,5.0
439,15,0.0,6.0
439,15,0.0,7.0
439,15,0.0,8.0
439,15,0.0,9.0
445,16,0w,1.0
447,16,19.0,9.0
445,16,0w,32.0
453,16,0.0,1.0
445,16,0w,42.0
453,16,0.0,2.0
365,16,29.0,19.0
462,16,39.0,29.0
445,16,0w,1k
461,16,20.0,21.0
453,16,0.0,3.0
465,16,30.0,31.0
464,16,40.0,41.0
461,16,20.0,22.0
468,16,1k,6.0
453,16,0.0,4.0
468,16,1k,7.0
465,16,30.0,32.0
461,16,20.0,23.0
468,16,1k,9.0
469,16,10.0,11.0
453,16,0.0,5.0
469,16,10.0,12.0
461,16,20.0,24.0
468,16,1k,16.0
190,16,49.0,39.0
453,16,0.0,6.0
464,16,40.0,42.0
469,16,10.0,13.0
465,16,30.0,33.0
468,16,1k,17.0
461,16,20.0,25.0
464,16,40.0,43.0
453,16,0.0,7.0
468,16,1k,21.0
464,16,40.0,44.0
465,16,30.0,34.0
461,16,20.0,26.0
453,16,0.0,8.0
464,16,40.0,45.0
469,16,10.0,14.0
465,16,30.0,35.0
461,16,20.0,27.0
468,16,1k,30.0
453,16,0.0,9.0
461,16,20.0,28.0
464,16,40.0,46.0
469,16,10.0,15.0
465,16,30.0,36.0
468,16,1k,31.0
469,16,10.0,16.0
469,16,10.0,17.0
469,16,10.0,18.0
461,16,20.0,29.0
469,16,10.0,19.0
464,16,40.0,47.0
464,16,40.0,48.0
464,16,40.0,49.0
465,16,30.0,37.0
465,16,30.0,38.0
468,16,1k,0w
465,16,30.0,39.0
20,17,1k,6.0
203,17,19.0,9.0
20,17,1k,7.0
93,17,0w,1.0
20,17,1k,9.0
476,17,10.0,11.0
479,17,20.0,21.0
20,17,1k,16.0
485,17,29.0,19.0
476,17,10.0,12.0
93,17,0w,32.0
479,17,20.0,22.0
483,17,0.0,1.0
297,17,49.0,39.0
93,17,0w,42.0
483,17,0.0,2.0
479,17,20.0,23.0
20,17,1k,17.0
483,17,0.0,3.0
20,17,1k,21.0
476,17,10.0,13.0
93,17,0w,1k
479,17,20.0,24.0
492,17,39.0,29.0
476,17,10.0,14.0
20,17,1k,30.0
497,17,40.0,41.0
483,17,0.0,4.0
498,17,30.0,31.0
497,17,40.0,42.0
476,17,10.0,15.0
479,17,20.0,25.0
20,17,1k,31.0
476,17,10.0,16.0
483,17,0.0,5.0
498,17,30.0,32.0
497,17,40.0,43.0
479,17,20.0,26.0
20,17,1k,0w
483,17,0.0,6.0
498,17,30.0,33.0
497,17,40.0,44.0
476,17,10.0,17.0
479,17,20.0,27.0
483,17,0.0,7.0
476,17,10.0,18.0
479,17,20.0,28.0
498,17,30.0,34.0
497,17,40.0,45.0
483,17,0.0,8.0
497,17,40.0,46.0
498,17,30.0,35.0
483,17,0.0,9.0
476,17,10.0,19.0
479,17,20.0,29.0
498,17,30.0,36.0
497,17,40.0,47.0
498,17,30.0,37.0
497,17,40.0,48.0
498,17,30.0,38.0
497,17,40.0,49.0
498,17,30.0,39.0
504,18,0.0,1.0
505,18,40.0,41.0
504,18,0.0,2.0
505,18,40.0,42.0
504,18,0.0,3.0
508,18,30.0,31.0
505,18,40.0,43.0
510,18,19.0,9.0
509,18,10.0,11.0
20,18,29.0,19.0
508,18,30.0,32.0
505,18,40.0,44.0
504,18,0.0,4.0
511,18,20.0,21.0
509,18,10.0,12.0
508,18,30.0,33.0
505,18,40.0,45.0
516,18,39.0,29.0
504,18,0.0,5.0
20,18,0w,1.0
511,18,20.0,22.0
505,18,40.0,46.0
508,18,30.0,34.0
504,18,0.0,6.0
531,18,1k,6.0
20,18,0w,32.0
511,18,20.0,23.0
505,18,40.0,47.0
504,18,0.0,7.0
511,18,20.0,24.0
508,18,30.0,35.0
504,18,0.0,8.0
511,18,20.0,25.0
531,18,1k,7.0
508,18,30.0,36.0
505,18,40.0,48.0
20,18,0w,42.0
504,18,0.0,9.0
531,18,1k,9.0
505,18,40.0,49.0
511,18,20.0,26.0
20,18,0w,1k
531,18,1k,16.0
508,18,30.0,37.0
508,18,30.0,38.0
509,18,10.0,13.0
511,18,20.0,27.0
497,18,49.0,39.0
531,18,1k,17.0
509,18,10.0,14.0
511,18,20.0,28.0
508,18,30.0,39.0
531,18,1k,21.0
509,18,10.0,15.0
531,18,1k,30.0
511,18,20.0,29.0
531,18,1k,31.0
509,18,10.0,16.0
531,18,1k,0w
509,18,10.0,17.0
509,18,10.0,18.0
509,18,10.0,19.0
533,19,0.0,1.0
533,19,0.0,2.0
203,19,0w,1.0
533,19,0.0,3.0
20,19,1k,6.0
539,19,40.0,41.0
539,19,40.0,42.0
533,19,0.0,4.0
542,19,29.0,19.0
203,19,0w,32.0
539,19,40.0,43.0
533,19,0.0,5.0
20,19,1k,7.0
20,19,1k,9.0
544,19,30.0,31.0
203,19,0w,42.0
533,19,0.0,6.0
539,19,40.0,44.0
203,19,0w,1k
546,19,10.0,11.0
409,19,49.0,39.0
20,19,1k,16.0
533,19,0.0,7.0
544,19,30.0,32.0
549,19,39.0,29.0
546,19,10.0,12.0
539,19,40.0,45.0
533,19,0.0,8.0
20,19,1k,17.0
396,19,19.0,9.0
544,19,30.0,33.0
546,19,10.0,13.0
539,19,40.0,46.0
20,19,1k,21.0
20,19,1k,30.0
533,19,0.0,9.0
539,19,40.0,47.0
544,19,30.0,34.0
546,19,10.0,14.0
554,19,20.0,21.0
539,19,40.0,48.0
544,19,30.0,35.0
20,19,1k,31.0
546,19,10.0,15.0
554,19,20.0,22.0
546,19,10.0,16.0
544,19,30.0,36.0
539,19,40.0,49.0
546,19,10.0,17.0
554,19,20.0,23.0
20,19,1k,0w
544,19,30.0,37.0
546,19,10.0,18.0
554,19,20.0,24.0
544,19,30.0,38.0
546,19,10.0,19.0
544,19,30.0,39.0
554,19,20.0,25.0
554,19,20.0,26.0
554,19,20.0,27.0
554,19,20.0,28.0
554,19,20.0,29.0
557,20,19.0,9.0
559,20,20.0,21.0
562,20,0.0,1.0
559,20,20.0,22.0
104,20,30.0,31.0
559,20,20.0,23.0
562,20,0.0,2.0
104,20,30.0,32.0
562,20,0.0,3.0
559,20,20.0,24.0
569,20,49.0,39.0
93,20,1k,6.0
104,20,30.0,33.0
559,20,20.0,25.0
93,20,1k,7.0
104,20,30.0,34.0
562,20,0.0,4.0
239,20,0w,1.0
93,20,1k,9.0
559,20,20.0,26.0
562,20,0.0,5.0
104,20,30.0,35.0
578,20,29.0,19.0
93,20,1k,16.0
559,20,20.0,27.0
239,20,0w,32.0
104,20,30.0,36.0
93,20,1k,17.0
365,20,39.0,29.0
562,20,0.0,6.0
559,20,20.0,28.0
581,20,10.0,11.0
104,20,30.0,37.0
93,20,1k,21.0
239,20,0w,42.0
562,20,0.0,7.0
584,20,40.0,41.0
559,20,20.0,29.0
239,20,0w,1k
104,20,30.0,38.0
581,20,10.0,12.0
93,20,1k,30.0
562,20,0.0,8.0
584,20,40.0,42.0
93,20,1k,31.0
584,20,40.0,43.0
581,20,10.0,13.0
104,20,30.0,39.0
584,20,40.0,44.0
562,20,0.0,9.0
584,20,40.0,45.0
93,20,1k,0w
581,20,10.0,14.0
584,20,40.0,46.0
581,20,10.0,15.0
584,20,40.0,47.0
581,20,10.0,16.0
584,20,40.0,48.0
581,20,10.0,17.0
584,20,40.0,49.0
581,20,10.0,18.0
581,20,10.0,19.0
203,21,19.0,9.0
585,21,0w,1.0
589,21,30.0,31.0
590,21,10.0,11.0
585,21,0w,32.0
592,21,40.0,41.0
590,21,10.0,12.0
585,21,0w,42.0
590,21,10.0,13.0
589,21,30.0,32.0
516,21,29.0,19.0
592,21,40.0,42.0
585,21,0w,1k
590,21,10.0,14.0
589,21,30.0,33.0
597,21,1k,6.0
592,21,40.0,43.0
589,21,30.0,34.0
590,21,10.0,15.0
597,21,1k,7.0
601,21,20.0,21.0
590,21,10.0,16.0
597,21,1k,9.0
592,21,40.0,44.0
539,21,49.0,39.0
601,21,20.0,22.0
602,21,0.0,1.0
589,21,30.0,35.0
592,21,40.0,45.0
597,21,1k,16.0
589,21,30.0,36.0
590,21,10.0,17.0
602,21,0.0,2.0
604,21,39.0,29.0
601,21,20.0,23.0
597,21,1k,17.0
602,21,0.0,3.0
590,21,10.0,18.0
589,21,30.0,37.0
602,21,0.0,4.0
592,21,40.0,46.0
592,21,40.0,47.0
590,21,10.0,19.0
601,21,20.0,24.0
592,21,40.0,48.0
589,21,30.0,38.0
597,21,1k,21.0
601,21,20.0,25.0
592,21,40.0,49.0
589,21,30.0,39.0
601,21,20.0,26.0
597,21,1k,30.0
602,21,0.0,5.0
597,21,1k,31.0
602,21,0.0,6.0
601,21,20.0,27.0
602,21,0.0,7.0
597,21,1k,0w
601,21,20.0,28.0
602,21,0.0,8.0
601,21,20.0,29.0
602,21,0.0,9.0
609,22,20.0,21.0
93,22,30.0,31.0
609,22,20.0,22.0
609,22,20.0,23.0
615,22,19.0,9.0
616,22,0.0,1.0
93,22,30.0,32.0
612,22,40.0,41.0
104,22,39.0,29.0
616,22,0.0,2.0
609,22,20.0,24.0
616,22,0.0,3.0
612,22,40.0,42.0
531,22,0w,1.0
616,22,0.0,4.0
93,22,30.0,33.0
621,22,10.0,11.0
531,22,0w,32.0
612,22,40.0,43.0
616,22,0.0,5.0
621,22,10.0,12.0
609,22,20.0,25.0
461,22,29.0,19.0
531,22,0w,42.0
621,22,10.0,13.0
93,22,30.0,34.0
612,22,40.0,44.0
609,22,20.0,26.0
531,22,0w,1k
616,22,0.0,6.0
612,22,40.0,45.0
93,22,30.0,35.0
621,22,10.0,14.0
609,22,20.0,27.0
612,22,40.0,46.0
93,22,30.0,36.0
609,22,20.0,28.0
616,22,0.0,7.0
621,22,10.0,15.0
609,22,20.0,29.0
93,22,30.0,37.0
621,22,10.0,16.0
93,22,30.0,38.0
623,22,1k,6.0
612,22,40.0,47.0
616,22,0.0,8.0
616,22,0.0,9.0
612,22,40.0,48.0
93,22,30.0,39.0
621,22,10.0,17.0
624,22,49.0,39.0
623,22,1k,7.0
612,22,40.0,49.0
621,22,10.0,18.0
623,22,1k,9.0
621,22,10.0,19.0
623,22,1k,16.0
623,22,1k,17.0
623,22,1k,21.0
623,22,1k,30.0
623,22,1k,31.0
623,22,1k,0w
20,23,30.0,31.0
631,23,49.0,39.0
20,23,30.0,32.0
636,23,0.0,1.0
20,23,30.0,33.0
638,23,10.0,11.0
644,23,20.0,21.0
638,23,10.0,12.0
365,23,29.0,19.0
644,23,20.0,22.0
20,23,30.0,34.0
636,23,0.0,2.0
646,23,39.0,29.0
638,23,10.0,13.0
647,23,40.0,41.0
644,23,20.0,23.0
647,23,40.0,42.0
638,23,10.0,14.0
636,23,0.0,3.0
644,23,20.0,24.0
20,23,30.0,35.0
647,23,40.0,43.0
638,23,10.0,15.0
644,23,20.0,25.0
636,23,0.0,4.0
636,23,0.0,5.0
93,23,0w,1.0
647,23,40.0,44.0
638,23,10.0,16.0
20,23,30.0,36.0
644,23,20.0,26.0
93,23,0w,32.0
638,23,10.0,17.0
93,23,0w,42.0
647,23,40.0,45.0
636,23,0.0,6.0
93,23,0w,1k
20,23,30.0,37.0
636,23,0.0,7.0
638,23,10.0,18.0
647,23,40.0,46.0
636,23,0.0,8.0
644,23,20.0,27.0
20,23,30.0,38.0
647,23,40.0,47.0
638,23,10.0,19.0
654,23,19.0,9.0
636,23,0.0,9.0
647,23,40.0,48.0
644,23,20.0,28.0
20,23,30.0,39.0
20,23,1k,6.0
647,23,40.0,49.0
644,23,20.0,29.0
20,23,1k,7.0
20,23,1k,9.0
20,23,1k,16.0
20,23,1k,17.0
20,23,1k,21.0
20,23,1k,30.0
20,23,1k,31.0
20,23,1k,0w
659,24,19.0,9.0
661,24,20.0,21.0
661,24,20.0,22.0
661,24,20.0,23.0
644,24,29.0,19.0
661,24,20.0,24.0
674,24,0w,1.0
20,24,39.0,29.0
681,24,40.0,41.0
668,24,0.0,1.0
665,24,10.0,11.0
674,24,0w,32.0
661,24,20.0,25.0
674,24,0w,42.0
665,24,10.0,12.0
668,24,0.0,2.0
661,24,20.0,26.0
674,24,0w,1k
665,24,10.0,13.0
684,24,30.0,31.0
681,24,40.0,42.0
665,24,10.0,14.0
661,24,20.0,27.0
132,24,1k,6.0
665,24,10.0,15.0
409,24,49.0,39.0
681,24,40.0,43.0
661,24,20.0,28.0
132,24,1k,7.0
668,24,0.0,3.0
684,24,30.0,32.0
681,24,40.0,44.0
668,24,0.0,4.0
661,24,20.0,29.0
665,24,10.0,16.0
668,24,0.0,5.0
132,24,1k,9.0
681,24,40.0,45.0
684,24,30.0,33.0
684,24,30.0,34.0
681,24,40.0,46.0
684,24,30.0,35.0
668,24,0.0,6.0
665,24,10.0,17.0
681,24,40.0,47.0
132,24,1k,16.0
684,24,30.0,36.0
668,24,0.0,7.0
665,24,10.0,18.0
668,24,0.0,8.0
132,24,1k,17.0
681,24,40.0,48.0
665,24,10.0,19.0
684,24,30.0,37.0
132,24,1k,21.0
681,24,40.0,49.0
668,24,0.0,9.0
684,24,30.0,38.0
132,24,1k,30.0
684,24,30.0,39.0
132,24,1k,31.0
132,24,1k,0w
692,25,0w,1.0
692,25,0w,32.0
698,25,10.0,11.0
703,25,20.0,21.0
692,25,0w,42.0
700,25,40.0,41.0
104,25,39.0,29.0
698,25,10.0,12.0
702,25,29.0,19.0
692,25,0w,1k
700,25,40.0,42.0
703,25,20.0,22.0
698,25,10.0,13.0
706,25,1k,6.0
708,25,19.0,9.0
700,25,40.0,43.0
698,25,10.0,14.0
709,25,49.0,39.0
706,25,1k,7.0
700,25,40.0,44.0
698,25,10.0,15.0
703,25,20.0,23.0
706,25,1k,9.0
698,25,10.0,16.0
420,25,30.0,31.0
703,25,20.0,24.0
715,25,0.0,1.0
700,25,40.0,45.0
698,25,10.0,17.0
420,25,30.0,32.0
703,25,20.0,25.0
700,25,40.0,46.0
715,25,0.0,2.0
706,25,1k,16.0
698,25,10.0,18.0
703,25,20.0,26.0
420,25,30.0,33.0
715,25,0.0,3.0
703,25,20.0,27.0
700,25,40.0,47.0
703,25,20.0,28.0
706,25,1k,17.0
420,25,30.0,34.0
700,25,40.0,48.0
715,25,0.0,4.0
698,25,10.0,19.0
703,25,20.0,29.0
706,25,1k,21.0
700,25,40.0,49.0
420,25,30.0,35.0
715,25,0.0,5.0
706,25,1k,30.0
420,25,30.0,36.0
715,25,0.0,6.0
706,25,1k,31.0
420,25,30.0,37.0
715,25,0.0,7.0
420,25,30.0,38.0
706,25,1k,0w
420,25,30.0,39.0
715,25,0.0,8.0
715,25,0.0,9.0
719,26,30.0,31.0
720,26,20.0,21.0
719,26,30.0,32.0
720,26,20.0,22.0
719,26,30.0,33.0
723,26,29.0,19.0
720,26,20.0,23.0
719,26,30.0,34.0
736,26,40.0,41.0
728,26,0.0,1.0
736,26,40.0,42.0
719,26,30.0,35.0
719,26,30.0,36.0
720,26,20.0,24.0
132,26,0w,1.0
702,26,19.0,9.0
728,26,0.0,2.0
719,26,30.0,37.0
720,26,20.0,25.0
728,26,0.0,3.0
74,26,1k,6.0
719,26,30.0,38.0
132,26,0w,32.0
736,26,40.0,43.0
728,26,0.0,4.0
720,26,20.0,26.0
719,26,30.0,39.0
736,26,40.0,44.0
132,26,0w,42.0
74,26,1k,7.0
720,26,20.0,27.0
132,26,0w,1k
736,26,40.0,45.0
74,26,1k,9.0
728,26,0.0,5.0
734,26,39.0,29.0
736,26,40.0,46.0
720,26,20.0,28.0
739,26,10.0,11.0
728,26,0.0,6.0
728,26,0.0,7.0
736,26,40.0,47.0
74,26,1k,16.0
739,26,10.0,12.0
728,26,0.0,8.0
720,26,20.0,29.0
435,26,49.0,39.0
74,26,1k,17.0
728,26,0.0,9.0
736,26,40.0,48.0
739,26,10.0,13.0
74,26,1k,21.0
736,26,40.0,49.0
739,26,10.0,14.0
74,26,1k,30.0
739,26,10.0,15.0
74,26,1k,31.0
739,26,10.0,16.0
74,26,1k,0w
739,26,10.0,17.0
739,26,10.0,18.0
739,26,10.0,19.0
93,27,1k,6.0
93,27,1k,7.0
751,27,20.0,21.0
751,27,20.0,22.0
93,27,1k,9.0
758,27,10.0,11.0
93,27,1k,16.0
751,27,20.0,23.0
578,27,19.0,9.0
435,27,39.0,29.0
758,27,10.0,12.0
93,27,1k,17.0
751,27,20.0,24.0
762,27,40.0,41.0
706,27,0w,1.0
539,27,49.0,39.0
758,27,10.0,13.0
93,27,1k,21.0
765,27,29.0,19.0
706,27,0w,32.0
597,27,30.0,31.0
93,27,1k,30.0
762,27,40.0,42.0
751,27,20.0,25.0
706,27,0w,42.0
758,27,10.0,14.0
767,27,0.0,1.0
597,27,30.0,32.0
93,27,1k,31.0
762,27,40.0,43.0
751,27,20.0,26.0
597,27,30.0,33.0
758,27,10.0,15.0
767,27,0.0,2.0
762,27,40.0,44.0
93,27,1k,0w
751,27,20.0,27.0
706,27,0w,1k
758,27,10.0,16.0
762,27,40.0,45.0
751,27,20.0,28.0
767,27,0.0,3.0
597,27,30.0,34.0
758,27,10.0,17.0
597,27,30.0,35.0
762,27,40.0,46.0
767,27,0.0,4.0
758,27,10.0,18.0
597,27,30.0,36.0
762,27,40.0,47.0
751,27,20.0,29.0
767,27,0.0,5.0
767,27,0.0,6.0
597,27,30.0,37.0
762,27,40.0,48.0
767,27,0.0,7.0
597,27,30.0,38.0
758,27,10.0,19.0
767,27,0.0,8.0
762,27,40.0,49.0
597,27,30.0,39.0
767,27,0.0,9.0
20,28,39.0,29.0
778,28,40.0,41.0
777,28,0.0,1.0
778,28,40.0,42.0
782,28,1k,6.0
778,28,40.0,43.0
787,28,20.0,21.0
777,28,0.0,2.0
778,28,40.0,44.0
792,28,30.0,31.0
783,28,10.0,11.0
782,28,1k,7.0
783,28,10.0,12.0
787,28,20.0,22.0
778,28,40.0,45.0
777,28,0.0,3.0
74,28,0w,1.0
778,28,40.0,46.0
783,28,10.0,13.0
792,28,30.0,32.0
787,28,20.0,23.0
782,28,1k,9.0
777,28,0.0,4.0
778,28,40.0,47.0
74,28,0w,32.0
778,28,40.0,48.0
792,28,30.0,33.0
787,28,20.0,24.0
782,28,1k,16.0
783,28,10.0,14.0
74,28,0w,42.0
777,28,0.0,5.0
792,28,30.0,34.0
778,28,40.0,49.0
782,28,1k,17.0
783,28,10.0,15.0
792,28,30.0,35.0
777,28,0.0,6.0
74,28,0w,1k
787,28,20.0,25.0
783,28,10.0,16.0
792,28,30.0,36.0
777,28,0.0,7.0
793,28,29.0,19.0
783,28,10.0,17.0
799,28,19.0,9.0
782,28,1k,21.0
787,28,20.0,26.0
777,28,0.0,8.0
783,28,10.0,18.0
792,28,30.0,37.0
782,28,1k,30.0
792,28,30.0,38.0
783,28,10.0,19.0
777,28,0.0,9.0
700,28,49.0,39.0
787,28,20.0,27.0
782,28,1k,31.0
792,28,30.0,39.0
787,28,20.0,28.0
782,28,1k,0w
787,28,20.0,29.0
801,29,20.0,21.0
801,29,20.0,22.0
805,29,30.0,31.0
326,29,1k,6.0
805,29,30.0,32.0
801,29,20.0,23.0
810,29,40.0,41.0
326,29,1k,7.0
805,29,30.0,33.0
815,29,29.0,19.0
801,29,20.0,24.0
805,29,30.0,34.0
623,29,0w,1.0
810,29,40.0,42.0
816,29,0.0,1.0
805,29,30.0,35.0
623,29,0w,32.0
326,29,1k,9.0
816,29,0.0,2.0
623,29,0w,42.0
801,29,20.0,25.0
810,29,40.0,43.0
326,29,1k,16.0
816,29,0.0,3.0
805,29,30.0,36.0
801,29,20.0,26.0
816,29,0.0,4.0
810,29,40.0,44.0
623,29,0w,1k
805,29,30.0,37.0
326,29,1k,17.0
810,29,40.0,45.0
801,29,20.0,27.0
805,29,30.0,38.0
816,29,0.0,5.0
822,29,10.0,11.0
816,29,0.0,6.0
801,29,20.0,28.0
805,29,30.0,39.0
326,29,1k,21.0
810,29,40.0,46.0
816,29,0.0,7.0
822,29,10.0,12.0
801,29,20.0,29.0
827,29,49.0,39.0
816,29,0.0,8.0
326,29,1k,30.0
831,29,19.0,9.0
539,29,39.0,29.0
326,29,1k,31.0
822,29,10.0,13.0
810,29,40.0,47.0
822,29,10.0,14.0
326,29,1k,0w
810,29,40.0,48.0
822,29,10.0,15.0
816,29,0.0,9.0
810,29,40.0,49.0
822,29,10.0,16.0
822,29,10.0,17.0
822,29,10.0,18.0
822,29,10.0,19.0
836,30,40.0,41.0
837,30,0.0,1.0
838,30,19.0,9.0
836,30,40.0,42.0
837,30,0.0,2.0
841,30,10.0,11.0
840,30,1k,6.0
836,30,40.0,43.0
647,30,49.0,39.0
837,30,0.0,3.0
836,30,40.0,44.0
840,30,1k,7.0
841,30,10.0,12.0
836,30,40.0,45.0
840,30,1k,9.0
841,30,10.0,13.0
837,30,0.0,4.0
844,30,20.0,21.0
836,30,40.0,46.0
851,30,29.0,19.0
837,30,0.0,5.0
841,30,10.0,14.0
844,30,20.0,22.0
836,30,40.0,47.0
420,30,39.0,29.0
852,30,0w,1.0
840,30,1k,16.0
837,30,0.0,6.0
841,30,10.0,15.0
844,30,20.0,23.0
840,30,1k,17.0
841,30,10.0,16.0
840,30,1k,21.0
836,30,40.0,48.0
844,30,20.0,24.0
837,30,0.0,7.0
852,30,0w,32.0
841,30,10.0,17.0
836,30,40.0,49.0
837,30,0.0,8.0
841,30,10.0,18.0
840,30,1k,30.0
852,30,0w,42.0
844,30,20.0,25.0
860,30,30.0,31.0
837,30,0.0,9.0
840,30,1k,31.0
852,30,0w,1k
844,30,20.0,26.0
841,30,10.0,19.0
840,30,1k,0w
860,30,30.0,32.0
844,30,20.0,27.0
860,30,30.0,33.0
844,30,20.0,28.0
860,30,30.0,34.0
844,30,20.0,29.0
860,30,30.0,35.0
860,30,30.0,36.0
860,30,30.0,37.0
860,30,30.0,38.0
860,30,30.0,39.0
862,31,0.0,1.0
867,31,20.0,21.0
862,31,0.0,2.0
867,31,20.0,22.0
862,31,0.0,3.0
867,31,20.0,23.0
873,31,40.0,41.0
874,31,30.0,31.0
862,31,0.0,4.0
702,31,19.0,9.0
873,31,40.0,42.0
93,31,39.0,29.0
867,31,20.0,24.0
879,31,0w,1.0
874,31,30.0,32.0
867,31,20.0,25.0
862,31,0.0,5.0
873,31,40.0,43.0
880,31,10.0,11.0
879,31,0w,32.0
873,31,40.0,44.0
862,31,0.0,6.0
880,31,10.0,12.0
873,31,40.0,45.0
867,31,20.0,26.0
880,31,10.0,13.0
874,31,30.0,33.0
879,31,0w,42.0
880,31,10.0,14.0
867,31,20.0,27.0
873,31,40.0,46.0
862,31,0.0,7.0
874,31,30.0,34.0
873,31,40.0,47.0
879,31,0w,1k
874,31,30.0,35.0
862,31,0.0,8.0
873,31,40.0,48.0
74,31,1k,6.0
867,31,20.0,28.0
874,31,30.0,36.0
880,31,10.0,15.0
873,31,40.0,49.0
862,31,0.0,9.0
74,31,1k,7.0
867,31,20.0,29.0
885,31,29.0,19.0
888,31,49.0,39.0
874,31,30.0,37.0
880,31,10.0,16.0
74,31,1k,9.0
874,31,30.0,38.0
880,31,10.0,17.0
74,31,1k,16.0
880,31,10.0,18.0
874,31,30.0,39.0
74,31,1k,17.0
880,31,10.0,19.0
74,31,1k,21.0
74,31,1k,30.0
74,31,1k,31.0
74,31,1k,0w
891,32,20.0,21.0
892,32,29.0,19.0
895,32,39.0,29.0
891,32,20.0,22.0
896,32,49.0,39.0
891,32,20.0,23.0
900,32,0.0,1.0
900,32,0.0,2.0
891,32,20.0,24.0
702,32,19.0,9.0
900,32,0.0,3.0
905,32,10.0,11.0
891,32,20.0,25.0
907,32,40.0,41.0
906,32,0w,1.0
840,32,30.0,31.0
900,32,0.0,4.0
840,32,30.0,32.0
905,32,10.0,12.0
891,32,20.0,26.0
239,32,1k,6.0
906,32,0w,32.0
907,32,40.0,42.0
905,32,10.0,13.0
900,32,0.0,5.0
906,32,0w,42.0
840,32,30.0,33.0
239,32,1k,7.0
891,32,20.0,27.0
905,32,10.0,14.0
840,32,30.0,34.0
900,32,0.0,6.0
906,32,0w,1k
907,32,40.0,43.0
239,32,1k,9.0
891,32,20.0,28.0
840,32,30.0,35.0
907,32,40.0,44.0
905,32,10.0,15.0
891,32,20.0,29.0
239,32,1k,16.0
900,32,0.0,7.0
905,32,10.0,16.0
840,32,30.0,36.0
239,32,1k,17.0
905,32,10.0,17.0
907,32,40.0,45.0
840,32,30.0,37.0
840,32,30.0,38.0
905,32,10.0,18.0
900,32,0.0,8.0
907,32,40.0,46.0
840,32,30.0,39.0
239,32,1k,21.0
905,32,10.0,19.0
907,32,40.0,47.0
239,32,1k,30.0
900,32,0.0,9.0
907,32,40.0,48.0
239,32,1k,31.0
239,32,1k,0w
907,32,40.0,49.0
916,33,40.0,41.0
923,33,10.0,11.0
925,33,20.0,21.0
916,33,40.0,42.0
874,33,39.0,29.0
927,33,49.0,39.0
706,33,0w,1.0
923,33,10.0,12.0
928,33,0.0,1.0
916,33,40.0,43.0
925,33,20.0,22.0
916,33,40.0,44.0
706,33,0w,32.0
928,33,0.0,2.0
923,33,10.0,13.0
925,33,20.0,23.0
916,33,40.0,45.0
326,33,30.0,31.0
928,33,0.0,3.0
706,33,0w,42.0
923,33,10.0,14.0
916,33,40.0,46.0
326,33,30.0,32.0
905,33,19.0,9.0
928,33,0.0,4.0
923,33,10.0,15.0
925,33,20.0,24.0
923,33,10.0,16.0
706,33,0w,1k
916,33,40.0,47.0
420,33,29.0,19.0
925,33,20.0,25.0
326,33,30.0,33.0
928,33,0.0,5.0
925,33,20.0,26.0
923,33,10.0,17.0
916,33,40.0,48.0
925,33,20.0,27.0
326,33,30.0,34.0
923,33,10.0,18.0
916,33,40.0,49.0
928,33,0.0,6.0
939,33,1k,6.0
326,33,30.0,35.0
939,33,1k,7.0
928,33,0.0,7.0
923,33,10.0,19.0
925,33,20.0,28.0
939,33,1k,9.0
326,33,30.0,36.0
928,33,0.0,8.0
939,33,1k,16.0
925,33,20.0,29.0
928,33,0.0,9.0
326,33,30.0,37.0
326,33,30.0,38.0
939,33,1k,17.0
326,33,30.0,39.0
939,33,1k,21.0
939,33,1k,30.0
939,33,1k,31.0
939,33,1k,0w
326,34,39.0,29.0
945,34,0w,1.0
949,34,30.0,31.0
950,34,19.0,9.0
953,34,10.0,11.0
949,34,30.0,32.0
945,34,0w,32.0
953,34,10.0,12.0
445,34,1k,6.0
945,34,0w,42.0
949,34,30.0,33.0
962,34,0.0,1.0
953,34,10.0,13.0
949,34,30.0,34.0
945,34,0w,1k
960,34,20.0,21.0
962,34,0.0,2.0
953,34,10.0,14.0
445,34,1k,7.0
962,34,0.0,3.0
949,34,30.0,35.0
963,34,29.0,19.0
960,34,20.0,22.0
949,34,30.0,36.0
960,34,20.0,23.0
964,34,40.0,41.0
953,34,10.0,15.0
949,34,30.0,37.0
445,34,1k,9.0
960,34,20.0,24.0
964,34,40.0,42.0
962,34,0.0,4.0
960,34,20.0,25.0
962,34,0.0,5.0
953,34,10.0,16.0
949,34,30.0,38.0
445,34,1k,16.0
962,34,0.0,6.0
445,34,1k,17.0
949,34,30.0,39.0
964,34,40.0,43.0
962,34,0.0,7.0
953,34,10.0,17.0
960,34,20.0,26.0
445,34,1k,21.0
960,34,20.0,27.0
953,34,10.0,18.0
964,34,40.0,44.0
736,34,49.0,39.0
964,34,40.0,45.0
962,34,0.0,8.0
953,34,10.0,19.0
445,34,1k,30.0
960,34,20.0,28.0
964,34,40.0,46.0
962,34,0.0,9.0
445,34,1k,31.0
960,34,20.0,29.0
445,34,1k,0w
964,34,40.0,47.0
964,34,40.0,48.0
964,34,40.0,49.0
468,35,0w,1.0
468,35,0w,32.0
974,35,0.0,1.0
468,35,0w,42.0
976,35,39.0,29.0
978,35,20.0,21.0
982,35,1k,6.0
980,35,19.0,9.0
978,35,20.0,22.0
468,35,0w,1k
974,35,0.0,2.0
983,35,49.0,39.0
984,35,29.0,19.0
989,35,30.0,31.0
978,35,20.0,23.0
982,35,1k,7.0
992,35,10.0,11.0
974,35,0.0,3.0
993,35,40.0,41.0
992,35,10.0,12.0
989,35,30.0,32.0
978,35,20.0,24.0
993,35,40.0,42.0
982,35,1k,9.0
974,35,0.0,4.0
992,35,10.0,13.0
989,35,30.0,33.0
974,35,0.0,5.0
993,35,40.0,43.0
982,35,1k,16.0
978,35,20.0,25.0
993,35,40.0,44.0
992,35,10.0,14.0
993,35,40.0,45.0
974,35,0.0,6.0
989,35,30.0,34.0
978,35,20.0,26.0
982,35,1k,17.0
993,35,40.0,46.0
978,35,20.0,27.0
982,35,1k,21.0
974,35,0.0,7.0
992,35,10.0,15.0
989,35,30.0,35.0
993,35,40.0,47.0
982,35,1k,30.0
978,35,20.0,28.0
992,35,10.0,16.0
974,35,0.0,8.0
982,35,1k,31.0
993,35,40.0,48.0
989,35,30.0,36.0
992,35,10.0,17.0
978,35,20.0,29.0
992,35,10.0,18.0
974,35,0.0,9.0
989,35,30.0,37.0
993,35,40.0,49.0
982,35,1k,0w
992,35,10.0,19.0
989,35,30.0,38.0
989,35,30.0,39.0
1002,36,20.0,21.0
1007,36,10.0,11.0
1010,36,40.0,41.0
420,36,0w,1.0
623,36,30.0,31.0
706,36,1k,6.0
1012,36,49.0,39.0
420,36,0w,32.0
1007,36,10.0,12.0
1010,36,40.0,42.0
623,36,30.0,32.0
706,36,1k,7.0
1002,36,20.0,22.0
1007,36,10.0,13.0
623,36,30.0,33.0
420,36,0w,42.0
1014,36,19.0,9.0
1007,36,10.0,14.0
706,36,1k,9.0
1010,36,40.0,43.0
706,36,1k,16.0
623,36,30.0,34.0
420,36,0w,1k
1007,36,10.0,15.0
1010,36,40.0,44.0
1010,36,40.0,45.0
623,36,30.0,35.0
1002,36,20.0,23.0
706,36,1k,17.0
1010,36,40.0,46.0
874,36,29.0,19.0
1007,36,10.0,16.0
623,36,30.0,36.0
1002,36,20.0,24.0
706,36,1k,21.0
874,36,39.0,29.0
1010,36,40.0,47.0
1007,36,10.0,17.0
623,36,30.0,37.0
706,36,1k,30.0
1010,36,40.0,48.0
1002,36,20.0,25.0
1019,36,0.0,1.0
1002,36,20.0,26.0
1007,36,10.0,18.0
1010,36,40.0,49.0
623,36,30.0,38.0
1002,36,20.0,27.0
1007,36,10.0,19.0
706,36,1k,31.0
1019,36,0.0,2.0
706,36,1k,0w
623,36,30.0,39.0
1002,36,20.0,28.0
1019,36,0.0,3.0
1002,36,20.0,29.0
1019,36,0.0,4.0
1019,36,0.0,5.0
1019,36,0.0,6.0
1019,36,0.0,7.0
1019,36,0.0,8.0
1019,36,0.0,9.0
1024,37,0.0,1.0
1026,37,40.0,41.0
1029,37,29.0,19.0
1026,37,40.0,42.0
1024,37,0.0,2.0
1039,37,10.0,11.0
1026,37,40.0,43.0
1039,37,10.0,12.0
1038,37,0w,1.0
1026,37,40.0,44.0
1024,37,0.0,3.0
1045,37,20.0,21.0
874,37,19.0,9.0
1043,37,1k,6.0
1026,37,40.0,45.0
1039,37,10.0,13.0
1045,37,20.0,22.0
1024,37,0.0,4.0
1038,37,0w,32.0
1045,37,20.0,23.0
1046,37,49.0,39.0
1039,37,10.0,14.0
1024,37,0.0,5.0
1026,37,40.0,46.0
1043,37,1k,7.0
1045,37,20.0,24.0
1038,37,0w,42.0
706,37,30.0,31.0
1039,37,10.0,15.0
1026,37,40.0,47.0
1024,37,0.0,6.0
1045,37,20.0,25.0
1026,37,40.0,48.0
1043,37,1k,9.0
706,37,30.0,32.0
1024,37,0.0,7.0
1043,37,1k,16.0
1038,37,0w,1k
706,37,30.0,33.0
1039,37,10.0,16.0
1045,37,20.0,26.0
1024,37,0.0,8.0
1043,37,1k,17.0
706,37,30.0,34.0
1026,37,40.0,49.0
1039,37,10.0,17.0
1024,37,0.0,9.0
706,37,30.0,35.0
1045,37,20.0,27.0
1043,37,1k,21.0
706,37,30.0,36.0
1048,37,39.0,29.0
1043,37,1k,30.0
1039,37,10.0,18.0
1045,37,20.0,28.0
706,37,30.0,37.0
1045,37,20.0,29.0
706,37,30.0,38.0
1039,37,10.0,19.0
1043,37,1k,31.0
706,37,30.0,39.0
1043,37,1k,0w
1053,38,1k,6.0
1053,38,1k,7.0
445,38,0w,1.0
420,38,30.0,31.0
1053,38,1k,9.0
1060,38,10.0,11.0
445,38,0w,32.0
1058,38,20.0,21.0
1058,38,20.0,22.0
1060,38,10.0,12.0
445,38,0w,42.0
1062,38,19.0,9.0
420,38,30.0,32.0
1060,38,10.0,13.0
1053,38,1k,16.0
445,38,0w,1k
420,38,30.0,33.0
1058,38,20.0,23.0
874,38,29.0,19.0
1065,38,40.0,41.0
1060,38,10.0,14.0
1068,38,39.0,29.0
420,38,30.0,34.0
1053,38,1k,17.0
1058,38,20.0,24.0
420,38,30.0,35.0
1070,38,0.0,1.0
1065,38,40.0,42.0
1058,38,20.0,25.0
1070,38,0.0,2.0
1053,38,1k,21.0
1060,38,10.0,15.0
420,38,30.0,36.0
1060,38,10.0,16.0
1053,38,1k,30.0
1065,38,40.0,43.0
1058,38,20.0,26.0
1053,38,1k,31.0
420,38,30.0,37.0
1070,38,0.0,3.0
1058,38,20.0,27.0
1060,38,10.0,17.0
1065,38,40.0,44.0
1053,38,1k,0w
420,38,30.0,38.0
1060,38,10.0,18.0
1026,38,49.0,39.0
420,38,30.0,39.0
1058,38,20.0,28.0
1060,38,10.0,19.0
1070,38,0.0,4.0
1065,38,40.0,45.0
1058,38,20.0,29.0
1070,38,0.0,5.0
1065,38,40.0,46.0
1070,38,0.0,6.0
1065,38,40.0,47.0
1070,38,0.0,7.0
1065,38,40.0,48.0
1070,38,0.0,8.0
1065,38,40.0,49.0
1070,38,0.0,9.0
1079,39,49.0,39.0
874,39,29.0,19.0
1080,39,20.0,21.0
1082,39,10.0,11.0
1081,39,40.0,41.0
1082,39,10.0,12.0
1080,39,20.0,22.0
1081,39,40.0,42.0
1080,39,20.0,23.0
1095,39,39.0,29.0
1082,39,10.0,13.0
906,39,1k,6.0
1081,39,40.0,43.0
906,39,1k,7.0
1081,39,40.0,44.0
1080,39,20.0,24.0
1097,39,30.0,31.0
1082,39,10.0,14.0
1097,39,30.0,32.0
1081,39,40.0,45.0
1082,39,10.0,15.0
1080,39,20.0,25.0
874,39,19.0,9.0
906,39,1k,9.0
1097,39,30.0,33.0
1100,39,0.0,1.0
1082,39,10.0,16.0
1081,39,40.0,46.0
906,39,1k,16.0
1080,39,20.0,26.0
1097,39,30.0,34.0
1100,39,0.0,2.0
1080,39,20.0,27.0
1082,39,10.0,17.0
906,39,1k,17.0
1081,39,40.0,47.0
1097,39,30.0,35.0
1080,39,20.0,28.0
1100,39,0.0,3.0
906,39,1k,21.0
1097,39,30.0,36.0
1081,39,40.0,48.0
906,39,1k,30.0
1100,39,0.0,4.0
1081,39,40.0,49.0
1080,39,20.0,29.0
1082,39,10.0,18.0
1097,39,30.0,37.0
906,39,1k,31.0
1082,39,10.0,19.0
445,39,0w,1.0
1100,39,0.0,5.0
906,39,1k,0w
445,39,0w,32.0
1097,39,30.0,38.0
445,39,0w,42.0
1100,39,0.0,6.0
1097,39,30.0,39.0
1100,39,0.0,7.0
445,39,0w,1k
1100,39,0.0,8.0
1100,39,0.0,9.0
1105,40,0.0,1.0
1105,40,0.0,2.0
420,40,39.0,29.0
992,40,19.0,9.0
1110,40,40.0,41.0
700,40,49.0,39.0
1111,40,10.0,11.0
1116,40,20.0,21.0
1110,40,40.0,42.0
1116,40,20.0,22.0
1105,40,0.0,3.0
1111,40,10.0,12.0
420,40,1k,6.0
1116,40,20.0,23.0
1110,40,40.0,43.0
1111,40,10.0,13.0
1116,40,20.0,24.0
1124,40,29.0,19.0
420,40,1k,7.0
1116,40,20.0,25.0
1111,40,10.0,14.0
1111,40,10.0,15.0
1105,40,0.0,4.0
1111,40,10.0,16.0
1116,40,20.0,26.0
420,40,1k,9.0
1105,40,0.0,5.0
1110,40,40.0,44.0
597,40,0w,1.0
1116,40,20.0,27.0
597,40,0w,32.0
420,40,1k,16.0
1110,40,40.0,45.0
1130,40,30.0,31.0
1111,40,10.0,17.0
1105,40,0.0,6.0
1116,40,20.0,28.0
1110,40,40.0,46.0
1111,40,10.0,18.0
420,40,1k,17.0
1130,40,30.0,32.0
1105,40,0.0,7.0
1116,40,20.0,29.0
1111,40,10.0,19.0
597,40,0w,42.0
420,40,1k,21.0
1130,40,30.0,33.0
597,40,0w,1k
1110,40,40.0,47.0
420,40,1k,30.0
1105,40,0.0,8.0
1130,40,30.0,34.0
420,40,1k,31.0
1110,40,40.0,48.0
1130,40,30.0,35.0
1110,40,40.0,49.0
1105,40,0.0,9.0
420,40,1k,0w
1130,40,30.0,36.0
1130,40,30.0,37.0
1130,40,30.0,38.0
1130,40,30.0,39.0
1132,41,10.0,11.0
874,41,19.0,9.0
1133,41,0.0,1.0
1133,41,0.0,2.0
1132,41,10.0,12.0
736,41,39.0,29.0
1133,41,0.0,3.0
1132,41,10.0,13.0
1147,41,40.0,41.0
1146,41,1k,6.0
1143,41,0w,1.0
1149,41,20.0,21.0
1147,41,40.0,42.0
1132,41,10.0,14.0
1133,41,0.0,4.0
1143,41,0w,32.0
1132,41,10.0,15.0
1151,41,30.0,31.0
1146,41,1k,7.0
1147,41,40.0,43.0
1146,41,1k,9.0
1151,41,30.0,32.0
1133,41,0.0,5.0
1149,41,20.0,22.0
1146,41,1k,16.0
1133,41,0.0,6.0
1132,41,10.0,16.0
1147,41,40.0,44.0
1146,41,1k,17.0
1143,41,0w,42.0
1132,41,10.0,17.0
1151,41,30.0,33.0
1149,41,20.0,23.0
1151,41,30.0,34.0
1132,41,10.0,18.0
1147,41,40.0,45.0
1149,41,20.0,24.0
1143,41,0w,1k
1133,41,0.0,7.0
1147,41,40.0,46.0
1151,41,30.0,35.0
1146,41,1k,21.0
1132,41,10.0,19.0
1149,41,20.0,25.0
1095,41,29.0,19.0
1146,41,1k,30.0
1147,41,40.0,47.0
1133,41,0.0,8.0
1151,41,30.0,36.0
1149,41,20.0,26.0
1133,41,0.0,9.0
1146,41,1k,31.0
810,41,49.0,39.0
1151,41,30.0,37.0
1149,41,20.0,27.0
1147,41,40.0,48.0
1146,41,1k,0w
1151,41,30.0,38.0
1149,41,20.0,28.0
1147,41,40.0,49.0
1151,41,30.0,39.0
1149,41,20.0,29.0
762,42,49.0,39.0
706,42,39.0,29.0
1163,42,29.0,19.0
1162,42,40.0,41.0
1166,42,20.0,21.0
1170,42,0.0,1.0
1171,42,1k,6.0
1166,42,20.0,22.0
1178,42,10.0,11.0
1162,42,40.0,42.0
1170,42,0.0,2.0
1178,42,10.0,12.0
597,42,30.0,31.0
1171,42,1k,7.0
1166,42,20.0,23.0
1162,42,40.0,43.0
1146,42,0w,1.0
1178,42,10.0,13.0
1170,42,0.0,3.0
1171,42,1k,9.0
1162,42,40.0,44.0
1162,42,40.0,45.0
1166,42,20.0,24.0
1146,42,0w,32.0
1171,42,1k,16.0
1162,42,40.0,46.0
597,42,30.0,32.0
1170,42,0.0,4.0
1178,42,10.0,14.0
1171,42,1k,17.0
1166,42,20.0,25.0
597,42,30.0,33.0
1146,42,0w,42.0
1178,42,10.0,15.0
1162,42,40.0,47.0
1166,42,20.0,26.0
1170,42,0.0,5.0
1171,42,1k,21.0
1162,42,40.0,48.0
1178,42,10.0,16.0
597,42,30.0,34.0
1166,42,20.0,27.0
1146,42,0w,1k
1162,42,40.0,49.0
1171,42,1k,30.0
597,42,30.0,35.0
1170,42,0.0,6.0
1178,42,10.0,17.0
1166,42,20.0,28.0
1171,42,1k,31.0
1166,42,20.0,29.0
597,42,30.0,36.0
1171,42,1k,0w
1178,42,10.0,18.0
1170,42,0.0,7.0
1182,42,19.0,9.0
1178,42,10.0,19.0
597,42,30.0,37.0
1170,42,0.0,8.0
597,42,30.0,38.0
1170,42,0.0,9.0
597,42,30.0,39.0
597,43,39.0,29.0
1171,43,0w,1.0
1193,43,40.0,41.0
836,43,49.0,39.0
1195,43,30.0,31.0
1171,43,0w,32.0
1204,43,19.0,9.0
1201,43,10.0,11.0
420,43,29.0,19.0
1209,43,1k,6.0
1195,43,30.0,32.0
1193,43,40.0,42.0
1193,43,40.0,43.0
1171,43,0w,42.0
1214,43,0.0,1.0
1209,43,1k,7.0
1215,43,20.0,21.0
1201,43,10.0,12.0
1195,43,30.0,33.0
1171,43,0w,1k
1193,43,40.0,44.0
1209,43,1k,9.0
1215,43,20.0,22.0
1214,43,0.0,2.0
1195,43,30.0,34.0
1201,43,10.0,13.0
1193,43,40.0,45.0
1215,43,20.0,23.0
1214,43,0.0,3.0
1201,43,10.0,14.0
1195,43,30.0,35.0
1215,43,20.0,24.0
1209,43,1k,16.0
1193,43,40.0,46.0
1201,43,10.0,15.0
1214,43,0.0,4.0
1201,43,10.0,16.0
1215,43,20.0,25.0
1193,43,40.0,47.0
1209,43,1k,17.0
1195,43,30.0,36.0
1201,43,10.0,17.0
1195,43,30.0,37.0
1214,43,0.0,5.0
1215,43,20.0,26.0
1193,43,40.0,48.0
1209,43,1k,21.0
1201,43,10.0,18.0
1214,43,0.0,6.0
1195,43,30.0,38.0
1201,43,10.0,19.0
1215,43,20.0,27.0
1209,43,1k,30.0
1193,43,40.0,49.0
1195,43,30.0,39.0
1214,43,0.0,7.0
1215,43,20.0,28.0
1214,43,0.0,8.0
1209,43,1k,31.0
1214,43,0.0,9.0
1209,43,1k,0w
1215,43,20.0,29.0
1220,44,30.0,31.0
1221,44,10.0,11.0
1220,44,30.0,32.0
1221,44,10.0,12.0
1220,44,30.0,33.0
420,44,19.0,9.0
1228,44,0w,1.0
1221,44,10.0,13.0
1220,44,30.0,34.0
706,44,1k,6.0
1228,44,0w,32.0
1236,44,0.0,1.0
1221,44,10.0,14.0
1220,44,30.0,35.0
1235,44,20.0,21.0
706,44,1k,7.0
1236,44,0.0,2.0
1220,44,30.0,36.0
1228,44,0w,42.0
1235,44,20.0,22.0
1221,44,10.0,15.0
1221,44,10.0,16.0
706,44,1k,9.0
1236,44,0.0,3.0
1228,44,0w,1k
1220,44,30.0,37.0
1221,44,10.0,17.0
706,44,1k,16.0
1235,44,20.0,23.0
1220,44,30.0,38.0
420,44,39.0,29.0
1221,44,10.0,18.0
1235,44,20.0,24.0
706,44,1k,17.0
1220,44,30.0,39.0
1236,44,0.0,4.0
1242,44,40.0,41.0
420,44,29.0,19.0
1221,44,10.0,19.0
706,44,1k,21.0
1242,44,40.0,42.0
1235,44,20.0,25.0
907,44,49.0,39.0
1236,44,0.0,5.0
706,44,1k,30.0
1235,44,20.0,26.0
1242,44,40.0,43.0
1236,44,0.0,6.0
706,44,1k,31.0
1235,44,20.0,27.0
1242,44,40.0,44.0
1235,44,20.0,28.0
1236,44,0.0,7.0
1242,44,40.0,45.0
706,44,1k,0w
1235,44,20.0,29.0
1236,44,0.0,8.0
1242,44,40.0,46.0
1236,44,0.0,9.0
1242,44,40.0,47.0
1242,44,40.0,48.0
1242,44,40.0,49.0
1247,45,40.0,41.0
1248,45,10.0,11.0
1246,45,29.0,19.0
1248,45,10.0,12.0
1146,45,0w,1.0
1255,45,20.0,21.0
597,45,39.0,29.0
1247,45,40.0,42.0
1255,45,20.0,22.0
1248,45,10.0,13.0
1146,45,0w,32.0
1255,45,20.0,23.0
1248,45,10.0,14.0
1247,45,40.0,43.0
1255,45,20.0,24.0
1081,45,49.0,39.0
1248,45,10.0,15.0
1146,45,0w,42.0
1260,45,0.0,1.0
1255,45,20.0,25.0
1247,45,40.0,44.0
1171,45,30.0,31.0
1146,45,0w,1k
1248,45,10.0,16.0
1260,45,0.0,2.0
1247,45,40.0,45.0
1255,45,20.0,26.0
1221,45,19.0,9.0
1171,45,30.0,32.0
1248,45,10.0,17.0
1260,45,0.0,3.0
1255,45,20.0,27.0
1268,45,1k,6.0
1247,45,40.0,46.0
1248,45,10.0,18.0
1171,45,30.0,33.0
1260,45,0.0,4.0
1268,45,1k,7.0
1247,45,40.0,47.0
1248,45,10.0,19.0
1171,45,30.0,34.0
1260,45,0.0,5.0
1255,45,20.0,28.0
1171,45,30.0,35.0
1247,45,40.0,48.0
1268,45,1k,9.0
1247,45,40.0,49.0
1255,45,20.0,29.0
1171,45,30.0,36.0
1268,45,1k,16.0
1260,45,0.0,6.0
1171,45,30.0,37.0
1268,45,1k,17.0
1171,45,30.0,38.0
1260,45,0.0,7.0
1171,45,30.0,39.0
1260,45,0.0,8.0
1268,45,1k,21.0
1260,45,0.0,9.0
1268,45,1k,30.0
1268,45,1k,31.0
1268,45,1k,0w
1274,46,39.0,29.0
1275,46,19.0,9.0
1285,46,20.0,21.0
1291,46,49.0,39.0
1281,46,40.0,41.0
1292,46,0.0,1.0
1283,46,29.0,19.0
1285,46,20.0,22.0
1281,46,40.0,42.0
782,46,0w,1.0
1290,46,30.0,31.0
1293,46,1k,6.0
1292,46,0.0,2.0
782,46,0w,32.0
1281,46,40.0,43.0
1293,46,1k,7.0
782,46,0w,42.0
1285,46,20.0,23.0
1292,46,0.0,3.0
1290,46,30.0,32.0
1293,46,1k,9.0
1281,46,40.0,44.0
782,46,0w,1k
1292,46,0.0,4.0
1298,46,10.0,11.0
1285,46,20.0,24.0
1290,46,30.0,33.0
1298,46,10.0,12.0
1292,46,0.0,5.0
1293,46,1k,16.0
1298,46,10.0,13.0
1281,46,40.0,45.0
1290,46,30.0,34.0
1292,46,0.0,6.0
1285,46,20.0,25.0
1293,46,1k,17.0
1298,46,10.0,14.0
1281,46,40.0,46.0
1292,46,0.0,7.0
1290,46,30.0,35.0
1298,46,10.0,15.0
1281,46,40.0,47.0
1292,46,0.0,8.0
1298,46,10.0,16.0
1290,46,30.0,36.0
1281,46,40.0,48.0
1285,46,20.0,26.0
1293,46,1k,21.0
1292,46,0.0,9.0
1285,46,20.0,27.0
1298,46,10.0,17.0
1281,46,40.0,49.0
1290,46,30.0,37.0
1285,46,20.0,28.0
1293,46,1k,30.0
1298,46,10.0,18.0
1290,46,30.0,38.0
1285,46,20.0,29.0
1293,46,1k,31.0
1290,46,30.0,39.0
1298,46,10.0,19.0
1293,46,1k,0w
468,47,1k,6.0
1307,47,29.0,19.0
1293,47,0w,1.0
1305,47,20.0,21.0
468,47,1k,7.0
1310,47,40.0,41.0
1293,47,0w,32.0
1310,47,40.0,42.0
1305,47,20.0,22.0
468,47,1k,9.0
1293,47,0w,42.0
1053,47,30.0,31.0
1310,47,40.0,43.0
1315,47,0.0,1.0
1305,47,20.0,23.0
1320,47,19.0,9.0
1293,47,0w,1k
468,47,1k,16.0
1053,47,30.0,32.0
1310,47,40.0,44.0
1315,47,0.0,2.0
1305,47,20.0,24.0
1053,47,30.0,33.0
1310,47,40.0,45.0
468,47,1k,17.0
1305,47,20.0,25.0
1324,47,10.0,11.0
1053,47,30.0,34.0
1315,47,0.0,3.0
468,47,1k,21.0
1081,47,39.0,29.0
1310,47,40.0,46.0
1315,47,0.0,4.0
1310,47,40.0,47.0
1324,47,10.0,12.0
468,47,1k,30.0
1310,47,40.0,48.0
1315,47,0.0,5.0
1053,47,30.0,35.0
1324,47,10.0,13.0
1310,47,40.0,49.0
1305,47,20.0,26.0
1324,47,10.0,14.0
1315,47,0.0,6.0
468,47,1k,31.0
1053,47,30.0,36.0
1324,47,10.0,15.0
1315,47,0.0,7.0
1053,47,30.0,37.0
1327,47,49.0,39.0
468,47,1k,0w
1305,47,20.0,27.0
1315,47,0.0,8.0
1324,47,10.0,16.0
1315,47,0.0,9.0
1305,47,20.0,28.0
1053,47,30.0,38.0
1324,47,10.0,17.0
1305,47,20.0,29.0
1324,47,10.0,18.0
1053,47,30.0,39.0
1324,47,10.0,19.0
1328,48,20.0,21.0
1328,48,20.0,22.0
1336,48,39.0,29.0
1328,48,20.0,23.0
1340,48,10.0,11.0
1328,48,20.0,24.0
1340,48,10.0,12.0
1345,48,40.0,41.0
1221,48,19.0,9.0
1328,48,20.0,25.0
1345,48,40.0,42.0
1340,48,10.0,13.0
736,48,29.0,19.0
1328,48,20.0,26.0
1340,48,10.0,14.0
1268,48,30.0,31.0
1345,48,40.0,43.0
1350,48,0.0,1.0
1349,48,49.0,39.0
1328,48,20.0,27.0
1340,48,10.0,15.0
1268,48,30.0,32.0
1350,48,0.0,2.0
1268,48,30.0,33.0
1340,48,10.0,16.0
1345,48,40.0,44.0
1350,48,0.0,3.0
1328,48,20.0,28.0
1053,48,0w,1.0
1328,48,20.0,29.0
1268,48,30.0,34.0
1345,48,40.0,45.0
1053,48,0w,32.0
1340,48,10.0,17.0
1350,48,0.0,4.0
1354,48,1k,6.0
1268,48,30.0,35.0
1354,48,1k,7.0
1053,48,0w,42.0
1345,48,40.0,46.0
1350,48,0.0,5.0
1354,48,1k,9.0
1268,48,30.0,36.0
1345,48,40.0,47.0
1340,48,10.0,18.0
1053,48,0w,1k
1350,48,0.0,6.0
1268,48,30.0,37.0
1345,48,40.0,48.0
1354,48,1k,16.0
1268,48,30.0,38.0
1268,48,30.0,39.0
1345,48,40.0,49.0
1354,48,1k,17.0
1350,48,0.0,7.0
1340,48,10.0,19.0
1350,48,0.0,8.0
1354,48,1k,21.0
1350,48,0.0,9.0
1354,48,1k,30.0
1354,48,1k,31.0
1354,48,1k,0w
1362,49,1k,6.0
1362,49,1k,7.0
1363,49,29.0,19.0
1364,49,10.0,11.0
1379,49,40.0,41.0
1367,49,49.0,39.0
1362,49,1k,9.0
1378,49,0w,1.0
1364,49,10.0,12.0
1381,49,0.0,1.0
1388,49,30.0,31.0
1379,49,40.0,42.0
1364,49,10.0,13.0
1386,49,19.0,9.0
1378,49,0w,32.0
1362,49,1k,16.0
1381,49,0.0,2.0
1364,49,10.0,14.0
1388,49,30.0,32.0
1379,49,40.0,43.0
1390,49,39.0,29.0
1378,49,0w,42.0
1362,49,1k,17.0
1364,49,10.0,15.0
1388,49,30.0,33.0
1378,49,0w,1k
1381,49,0.0,3.0
1379,49,40.0,44.0
1364,49,10.0,16.0
1393,49,20.0,21.0
1381,49,0.0,4.0
1362,49,1k,21.0
1388,49,30.0,34.0
1364,49,10.0,17.0
1393,49,20.0,22.0
1381,49,0.0,5.0
1379,49,40.0,45.0
1393,49,20.0,23.0
1362,49,1k,30.0
1364,49,10.0,18.0
1388,49,30.0,35.0
1381,49,0.0,6.0
1379,49,40.0,46.0
1362,49,1k,31.0
1381,49,0.0,7.0
1393,49,20.0,24.0
1388,49,30.0,36.0
1379,49,40.0,47.0
1362,49,1k,0w
1364,49,10.0,19.0
1381,49,0.0,8.0
1393,49,20.0,25.0
1379,49,40.0,48.0
1388,49,30.0,37.0
1379,49,40.0,49.0
1393,49,20.0,26.0
1381,49,0.0,9.0
1393,49,20.0,27.0
1388,49,30.0,38.0
1393,49,20.0,28.0
1388,49,30.0,39.0
1393,49,20.0,29.0
1396,50,40.0,41.0
1221,50,19.0,9.0
906,50,0w,1.0
1397,50,20.0,21.0
1396,50,40.0,42.0
1397,50,20.0,22.0
1396,50,40.0,43.0
906,50,0w,32.0
1396,50,40.0,44.0
1397,50,20.0,23.0
1407,50,0.0,1.0
1053,50,1k,6.0
906,50,0w,42.0
1414,50,29.0,19.0
1416,50,10.0,11.0
1053,50,39.0,29.0
468,50,30.0,31.0
468,50,30.0,32.0
468,50,30.0,33.0
468,50,30.0,34.0
468,50,30.0,35.0
468,50,30.0,36.0
468,50,30.0,37.0
468,50,30.0,38.0
468,50,30.0,39.0
1053,50,1k,7.0
1053,50,1k,9.0
1053,50,1k,16.0
1053,50,1k,17.0
1053,50,1k,21.0
1053,50,1k,30.0
1053,50,1k,31.0
1053,50,1k,0w
1416,50,10.0,12.0
1416,50,10.0,13.0
1416,50,10.0,14.0
906,50,0w,1k
1407,50,0.0,2.0
1407,50,0.0,3.0
1407,50,0.0,4.0
1407,50,0.0,5.0
1407,50,0.0,6.0
1407,50,0.0,7.0
1420,50,49.0,39.0
1416,50,10.0,15.0
1416,50,10.0,16.0
1396,50,40.0,45.0
1397,50,20.0,24.0
1396,50,40.0,46.0
1416,50,10.0,17.0
1396,50,40.0,47.0
1397,50,20.0,25.0
1407,50,0.0,8.0
1396,50,40.0,48.0
1416,50,10.0,18.0
1397,50,20.0,26.0
1396,50,40.0,49.0
1416,50,10.0,19.0
1407,50,0.0,9.0
1397,50,20.0,27.0
1397,50,20.0,28.0
1397,50,20.0,29.0
420,51,19.0,9.0
1425,51,0.0,1.0
1428,51,10.0,11.0
1430,51,1k,6.0
1428,51,10.0,12.0
1430,51,1k,7.0
1428,51,10.0,13.0
1436,51,40.0,41.0
1425,51,0.0,2.0
1430,51,1k,9.0
1441,51,39.0,29.0
1436,51,40.0,42.0
1428,51,10.0,14.0
1430,51,1k,16.0
1443,51,29.0,19.0
1445,51,20.0,21.0
1428,51,10.0,15.0
1430,51,1k,17.0
1362,51,0w,1.0
1436,51,40.0,43.0
1425,51,0.0,3.0
1430,51,1k,21.0
1445,51,20.0,22.0
1428,51,10.0,16.0
1362,51,0w,32.0
1436,51,40.0,44.0
1425,51,0.0,4.0
1448,51,49.0,39.0
1430,51,1k,30.0
1430,51,1k,31.0
1445,51,20.0,23.0
1436,51,40.0,45.0
1450,51,30.0,31.0
1425,51,0.0,5.0
1428,51,10.0,17.0
1362,51,0w,42.0
1450,51,30.0,32.0
1445,51,20.0,24.0
1436,51,40.0,46.0
1425,51,0.0,6.0
1430,51,1k,0w
1450,51,30.0,33.0
1362,51,0w,1k
1445,51,20.0,25.0
1425,51,0.0,7.0
1450,51,30.0,34.0
1428,51,10.0,18.0
1445,51,20.0,26.0
1436,51,40.0,47.0
1450,51,30.0,35.0
1425,51,0.0,8.0
1445,51,20.0,27.0
1436,51,40.0,48.0
1428,51,10.0,19.0
1425,51,0.0,9.0
1450,51,30.0,36.0
1436,51,40.0,49.0
1445,51,20.0,28.0
1450,51,30.0,37.0
1445,51,20.0,29.0
1450,51,30.0,38.0
1450,51,30.0,39.0
420,52,1k,6.0
420,52,1k,7.0
1453,52,40.0,41.0
1453,52,40.0,42.0
420,52,1k,9.0
1453,52,40.0,43.0
420,52,1k,16.0
1455,52,0.0,1.0
1293,52,30.0,31.0
1464,52,39.0,29.0
1455,52,0.0,2.0
1461,52,20.0,21.0
1453,52,40.0,44.0
420,52,1k,17.0
1293,52,30.0,32.0
420,52,1k,21.0
1453,52,40.0,45.0
1461,52,20.0,22.0
1455,52,0.0,3.0
420,52,1k,30.0
1354,52,0w,1.0
1453,52,40.0,46.0
1336,52,29.0,19.0
1468,52,10.0,11.0
1293,52,30.0,33.0
1354,52,0w,32.0
1453,52,40.0,47.0
1293,52,30.0,34.0
1455,52,0.0,4.0
1354,52,0w,42.0
420,52,1k,31.0
1461,52,20.0,23.0
1468,52,10.0,12.0
1453,52,40.0,48.0
1293,52,30.0,35.0
1354,52,0w,1k
1455,52,0.0,5.0
1468,52,10.0,13.0
1461,52,20.0,24.0
1453,52,40.0,49.0
420,52,1k,0w
1293,52,30.0,36.0
1468,52,10.0,14.0
1247,52,49.0,39.0
1461,52,20.0,25.0
1293,52,30.0,37.0
1455,52,0.0,6.0
1364,52,19.0,9.0
1461,52,20.0,26.0
1461,52,20.0,27.0
1468,52,10.0,15.0
1455,52,0.0,7.0
1293,52,30.0,38.0
1461,52,20.0,28.0
1293,52,30.0,39.0
1455,52,0.0,8.0
1468,52,10.0,16.0
1461,52,20.0,29.0
1455,52,0.0,9.0
1468,52,10.0,17.0
1468,52,10.0,18.0
1468,52,10.0,19.0
1476,53,40.0,41.0
1476,53,40.0,42.0
1053,53,30.0,31.0
1476,53,40.0,43.0
1053,53,30.0,32.0
1481,53,1k,6.0
1146,53,0w,1.0
1484,53,49.0,39.0
1053,53,30.0,33.0
1476,53,40.0,44.0
1053,53,30.0,34.0
1445,53,29.0,19.0
1476,53,40.0,45.0
1481,53,1k,7.0
1488,53,0.0,1.0
1490,53,19.0,9.0
1146,53,0w,32.0
1481,53,1k,9.0
1476,53,40.0,46.0
1053,53,30.0,35.0
1488,53,0.0,2.0
1476,53,40.0,47.0
1492,53,20.0,21.0
1481,53,1k,16.0
1146,53,0w,42.0
1053,53,30.0,36.0
1488,53,0.0,3.0
1476,53,40.0,48.0
1481,53,1k,17.0
1146,53,0w,1k
1492,53,20.0,22.0
1493,53,39.0,29.0
1053,53,30.0,37.0
1481,53,1k,21.0
1488,53,0.0,4.0
1492,53,20.0,23.0
1476,53,40.0,49.0
1488,53,0.0,5.0
1500,53,10.0,11.0
1053,53,30.0,38.0
1492,53,20.0,24.0
1481,53,1k,30.0
1500,53,10.0,12.0
1492,53,20.0,25.0
1053,53,30.0,39.0
1488,53,0.0,6.0
1481,53,1k,31.0
1500,53,10.0,13.0
1492,53,20.0,26.0
1488,53,0.0,7.0
1500,53,10.0,14.0
1500,53,10.0,15.0
1492,53,20.0,27.0
1481,53,1k,0w
1488,53,0.0,8.0
1500,53,10.0,16.0
1500,53,10.0,17.0
1500,53,10.0,18.0
1488,53,0.0,9.0
1500,53,10.0,19.0
1492,53,20.0,28.0
1492,53,20.0,29.0
1503,54,20.0,21.0
1505,54,40.0,41.0
1503,54,20.0,22.0
1354,54,1k,6.0
1505,54,40.0,42.0
1430,54,0w,1.0
1509,54,19.0,9.0
1430,54,0w,32.0
1354,54,1k,7.0
1514,54,10.0,11.0
1505,54,40.0,43.0
1503,54,20.0,23.0
1515,54,0.0,1.0
1430,54,0w,42.0
1514,54,10.0,12.0
1505,54,40.0,44.0
1354,54,1k,9.0
1514,54,10.0,13.0
1503,54,20.0,24.0
1515,54,0.0,2.0
1430,54,0w,1k
1505,54,40.0,45.0
1514,54,10.0,14.0
1517,54,29.0,19.0
1354,54,1k,16.0
1503,54,20.0,25.0
1515,54,0.0,3.0
1522,54,30.0,31.0
1514,54,10.0,15.0
1503,54,20.0,26.0
1354,54,1k,17.0
1505,54,40.0,46.0
1522,54,30.0,32.0
1354,54,1k,21.0
1505,54,40.0,47.0
1532,54,39.0,29.0
1522,54,30.0,33.0
1515,54,0.0,4.0
1503,54,20.0,27.0
1505,54,40.0,48.0
1514,54,10.0,16.0
1354,54,1k,30.0
1505,54,40.0,49.0
1514,54,10.0,17.0
1515,54,0.0,5.0
1533,54,49.0,39.0
1522,54,30.0,34.0
1503,54,20.0,28.0
1514,54,10.0,18.0
1503,54,20.0,29.0
1522,54,30.0,35.0
1354,54,1k,31.0
1515,54,0.0,6.0
1354,54,1k,0w
1514,54,10.0,19.0
1515,54,0.0,7.0
1522,54,30.0,36.0
1522,54,30.0,37.0
1515,54,0.0,8.0
1515,54,0.0,9.0
1522,54,30.0,38.0
1522,54,30.0,39.0
1538,55,0w,1.0
1542,55,39.0,29.0
1110,55,49.0,39.0
1539,55,10.0,11.0
1538,55,0w,32.0
1554,55,19.0,9.0
1053,55,30.0,31.0
1544,55,29.0,19.0
1559,55,20.0,21.0
1538,55,0w,42.0
1559,55,20.0,22.0
1539,55,10.0,12.0
1559,55,20.0,23.0
1563,55,1k,6.0
1558,55,0.0,1.0
1539,55,10.0,13.0
1564,55,40.0,41.0
1538,55,0w,1k
1559,55,20.0,24.0
1558,55,0.0,2.0
1564,55,40.0,42.0
1564,55,40.0,43.0
1564,55,40.0,44.0
1558,55,0.0,3.0
1559,55,20.0,25.0
1559,55,20.0,26.0
1563,55,1k,7.0
1053,55,30.0,32.0
1053,55,30.0,33.0
1053,55,30.0,34.0
1563,55,1k,9.0
1563,55,1k,16.0
1053,55,30.0,35.0
1559,55,20.0,27.0
1558,55,0.0,4.0
1564,55,40.0,45.0
1563,55,1k,17.0
1053,55,30.0,36.0
1539,55,10.0,14.0
1558,55,0.0,5.0
1559,55,20.0,28.0
1564,55,40.0,46.0
1563,55,1k,21.0
1053,55,30.0,37.0
1558,55,0.0,6.0
1564,55,40.0,47.0
1539,55,10.0,15.0
1559,55,20.0,29.0
1539,55,10.0,16.0
1539,55,10.0,17.0
1563,55,1k,30.0
1558,55,0.0,7.0
1564,55,40.0,48.0
1539,55,10.0,18.0
1053,55,30.0,38.0
1563,55,1k,31.0
1539,55,10.0,19.0
1564,55,40.0,49.0
1558,55,0.0,8.0
1563,55,1k,0w
1053,55,30.0,39.0
1558,55,0.0,9.0
1453,56,49.0,39.0
1567,56,30.0,31.0
1043,56,0w,1.0
1568,56,10.0,11.0
1571,56,39.0,29.0
1568,56,10.0,12.0
1567,56,30.0,32.0
1043,56,0w,32.0
1053,56,29.0,19.0
1577,56,19.0,9.0
1567,56,30.0,33.0
1583,56,40.0,41.0
1586,56,0.0,1.0
1586,56,0.0,2.0
1583,56,40.0,42.0
1568,56,10.0,13.0
597,56,1k,6.0
1582,56,20.0,21.0
1567,56,30.0,34.0
1043,56,0w,42.0
1043,56,0w,1k
1586,56,0.0,3.0
1582,56,20.0,22.0
1583,56,40.0,43.0
1568,56,10.0,14.0
1582,56,20.0,23.0
597,56,1k,7.0
1582,56,20.0,24.0
1583,56,40.0,44.0
597,56,1k,9.0
1567,56,30.0,35.0
1568,56,10.0,15.0
1586,56,0.0,4.0
597,56,1k,16.0
1583,56,40.0,45.0
1582,56,20.0,25.0
1568,56,10.0,16.0
1567,56,30.0,36.0
1582,56,20.0,26.0
1568,56,10.0,17.0
1586,56,0.0,5.0
1567,56,30.0,37.0
1583,56,40.0,46.0
597,56,1k,17.0
1586,56,0.0,6.0
1568,56,10.0,18.0
1567,56,30.0,38.0
1568,56,10.0,19.0
1582,56,20.0,27.0
1583,56,40.0,47.0
1586,56,0.0,7.0
1567,56,30.0,39.0
597,56,1k,21.0
1586,56,0.0,8.0
1582,56,20.0,28.0
1583,56,40.0,48.0
1582,56,20.0,29.0
597,56,1k,30.0
1586,56,0.0,9.0
1583,56,40.0,49.0
597,56,1k,31.0
597,56,1k,0w
1591,57,10.0,11.0
1593,57,1k,6.0
1583,57,49.0,39.0
1591,57,10.0,12.0
1594,57,30.0,31.0
1593,57,1k,7.0
1591,57,10.0,13.0
1594,57,30.0,32.0
1453,57,39.0,29.0
1591,57,10.0,14.0
1600,57,20.0,21.0
1593,57,1k,9.0
1594,57,30.0,33.0
1594,57,30.0,34.0
1593,57,1k,16.0
1606,57,0.0,1.0
1593,57,1k,17.0
1591,57,10.0,15.0
468,57,0w,1.0
1600,57,20.0,22.0
1594,57,30.0,35.0
1613,57,40.0,41.0
1593,57,1k,21.0
1606,57,0.0,2.0
1606,57,0.0,3.0
1591,57,10.0,16.0
1594,57,30.0,36.0
1600,57,20.0,23.0
468,57,0w,32.0
1606,57,0.0,4.0
1613,57,40.0,42.0
1593,57,1k,30.0
1594,57,30.0,37.0
1600,57,20.0,24.0
1591,57,10.0,17.0
1613,57,40.0,43.0
1606,57,0.0,5.0
1600,57,20.0,25.0
1593,57,1k,31.0
1591,57,10.0,18.0
1594,57,30.0,38.0
468,57,0w,42.0
1613,57,40.0,44.0
1594,57,30.0,39.0
1600,57,20.0,26.0
1591,57,10.0,19.0
1606,57,0.0,6.0
468,57,0w,1k
1606,57,0.0,7.0
1593,57,1k,0w
1613,57,40.0,45.0
1606,57,0.0,8.0
1600,57,20.0,27.0
1613,57,40.0,46.0
1443,57,19.0,9.0
1441,57,29.0,19.0
1600,57,20.0,28.0
1606,57,0.0,9.0
1613,57,40.0,47.0
1600,57,20.0,29.0
1613,57,40.0,48.0
1613,57,40.0,49.0
1618,58,20.0,21.0
1618,58,20.0,22.0
1625,58,40.0,41.0
1618,58,20.0,23.0
1618,58,20.0,24.0
1625,58,40.0,42.0
1618,58,20.0,25.0
1583,58,39.0,29.0
1625,58,40.0,43.0
1641,58,30.0,31.0
1293,58,0w,1.0
1636,58,10.0,11.0
1643,58,49.0,39.0
1625,58,40.0,44.0
1618,58,20.0,26.0
1644,58,0.0,1.0
1636,58,10.0,12.0
782,58,1k,6.0
1618,58,20.0,27.0
1636,58,10.0,13.0
1644,58,0.0,2.0
1625,58,40.0,45.0
1641,58,30.0,32.0
1293,58,0w,32.0
1618,58,20.0,28.0
1641,58,30.0,33.0
782,58,1k,7.0
1293,58,0w,42.0
1641,58,30.0,34.0
1625,58,40.0,46.0
1636,58,10.0,14.0
1618,58,20.0,29.0
1625,58,40.0,47.0
1644,58,0.0,3.0
1461,58,29.0,19.0
782,58,1k,9.0
1293,58,0w,1k
1641,58,30.0,35.0
1644,58,0.0,4.0
1641,58,30.0,36.0
782,58,1k,16.0
1648,58,19.0,9.0
1636,58,10.0,15.0
1625,58,40.0,48.0
1641,58,30.0,37.0
782,58,1k,17.0
1644,58,0.0,5.0
1625,58,40.0,49.0
1636,58,10.0,16.0
782,58,1k,21.0
1644,58,0.0,6.0
1641,58,30.0,38.0
1641,58,30.0,39.0
1644,58,0.0,7.0
1636,58,10.0,17.0
782,58,1k,30.0
1644,58,0.0,8.0
1644,58,0.0,9.0
782,58,1k,31.0
1636,58,10.0,18.0
782,58,1k,0w
1636,58,10.0,19.0
1354,59,0w,1.0
1354,59,0w,32.0
1354,59,0w,42.0
1651,59,20.0,21.0
1143,59,1k,6.0
1354,59,0w,1k
1651,59,20.0,22.0
1143,59,1k,7.0
1654,59,0.0,1.0
1654,59,0.0,2.0
1143,59,1k,9.0
1651,59,20.0,23.0
1468,59,19.0,9.0
1662,59,10.0,11.0
1662,59,10.0,12.0
1662,59,10.0,13.0
1662,59,10.0,14.0
1143,59,1k,16.0
1665,59,29.0,19.0
1662,59,10.0,15.0
1667,59,40.0,41.0
1654,59,0.0,3.0
1651,59,20.0,24.0
1354,59,30.0,31.0
1651,59,20.0,25.0
1654,59,0.0,4.0
1662,59,10.0,16.0
1670,59,49.0,39.0
1651,59,20.0,26.0
1667,59,40.0,42.0
1662,59,10.0,17.0
1354,59,30.0,32.0
1651,59,20.0,27.0
1654,59,0.0,5.0
1662,59,10.0,18.0
1667,59,40.0,43.0
1143,59,1k,17.0
1354,59,30.0,33.0
1651,59,20.0,28.0
1651,59,20.0,29.0
1667,59,40.0,44.0
1654,59,0.0,6.0
1354,59,30.0,34.0
1662,59,10.0,19.0
1583,59,39.0,29.0
1143,59,1k,21.0
1667,59,40.0,45.0
1654,59,0.0,7.0
1654,59,0.0,8.0
1143,59,1k,30.0
1667,59,40.0,46.0
1654,59,0.0,9.0
1667,59,40.0,47.0
1354,59,30.0,35.0
1143,59,1k,31.0
1354,59,30.0,36.0
1143,59,1k,0w
1667,59,40.0,48.0
1354,59,30.0,37.0
1667,59,40.0,49.0
1354,59,30.0,38.0
1354,59,30.0,39.0
1679,60,0w,1.0
1686,60,10.0,11.0
1493,60,29.0,19.0
1679,60,0w,32.0
1679,60,0w,42.0
1686,60,10.0,12.0
1686,60,10.0,13.0
1698,60,0.0,1.0
1688,60,40.0,41.0
1688,60,40.0,42.0
1679,60,0w,1k
1701,60,20.0,21.0
1703,60,1k,6.0
1695,60,49.0,39.0
1701,60,20.0,22.0
1698,60,0.0,2.0
1686,60,10.0,14.0
1698,60,0.0,3.0
1701,60,20.0,23.0
1688,60,40.0,43.0
782,60,30.0,31.0
1698,60,0.0,4.0
1686,60,10.0,15.0
1705,60,19.0,9.0
1686,60,10.0,16.0
1703,60,1k,7.0
1688,60,40.0,44.0
782,60,30.0,32.0
1701,60,20.0,24.0
1698,60,0.0,5.0
1706,60,39.0,29.0
1703,60,1k,9.0
1688,60,40.0,45.0
1686,60,10.0,17.0
782,60,30.0,33.0
1701,60,20.0,25.0
1698,60,0.0,6.0
1698,60,0.0,7.0
1703,60,1k,16.0
1686,60,10.0,18.0
782,60,30.0,34.0
1688,60,40.0,46.0
1701,60,20.0,26.0
1688,60,40.0,47.0
1703,60,1k,17.0
782,60,30.0,35.0
1688,60,40.0,48.0
1701,60,20.0,27.0
1686,60,10.0,19.0
1698,60,0.0,8.0
1703,60,1k,21.0
782,60,30.0,36.0
1701,60,20.0,28.0
782,60,30.0,37.0
1698,60,0.0,9.0
1701,60,20.0,29.0
1688,60,40.0,49.0
1703,60,1k,30.0
782,60,30.0,38.0
1703,60,1k,31.0
782,60,30.0,39.0
1703,60,1k,0w
1709,61,30.0,31.0
1717,61,39.0,29.0
1718,61,29.0,19.0
1722,61,19.0,9.0
1709,61,30.0,32.0
1723,61,40.0,41.0
1713,61,10.0,11.0
1726,61,49.0,39.0
1725,61,1k,6.0
1709,61,30.0,33.0
1723,61,40.0,42.0
1729,61,20.0,21.0
1725,61,1k,7.0
1713,61,10.0,12.0
1713,61,10.0,13.0
1709,61,30.0,34.0
1713,61,10.0,14.0
1725,61,1k,9.0
1732,61,0w,1.0
1733,61,0.0,1.0
1709,61,30.0,35.0
1729,61,20.0,22.0
1723,61,40.0,43.0
1732,61,0w,32.0
1725,61,1k,16.0
1709,61,30.0,36.0
1713,61,10.0,15.0
1723,61,40.0,44.0
1733,61,0.0,2.0
1725,61,1k,17.0
1732,61,0w,42.0
1713,61,10.0,16.0
1729,61,20.0,23.0
1709,61,30.0,37.0
1733,61,0.0,3.0
1713,61,10.0,17.0
1723,61,40.0,45.0
1732,61,0w,1k
1709,61,30.0,38.0
1725,61,1k,21.0
1733,61,0.0,4.0
1729,61,20.0,24.0
1709,61,30.0,39.0
1729,61,20.0,25.0
1729,61,20.0,26.0
1713,61,10.0,18.0
1725,61,1k,30.0
1723,61,40.0,46.0
1713,61,10.0,19.0
1729,61,20.0,27.0
1733,61,0.0,5.0
1725,61,1k,31.0
1723,61,40.0,47.0
1733,61,0.0,6.0
1725,61,1k,0w
1729,61,20.0,28.0
1733,61,0.0,7.0
1723,61,40.0,48.0
1729,61,20.0,29.0
1723,61,40.0,49.0
1733,61,0.0,8.0
1733,61,0.0,9.0
